strain	length	A	C	G	T	N	other_IUPAC	-	?	invalid_nucleotides
003/XM/2010	6582	1806	1579	1569	1628	0	0	0	0	0
01011Y	7412	2011	1794	1766	1839	0	2	0	0	0
02_0_023	7371	1974	1771	1787	1822	0	17	0	0	0
02_0_024	7363	1978	1761	1783	1838	0	3	0	0	0
02_0_035	7372	2000	1770	1769	1832	0	1	0	0	0
02_0_049	7367	1975	1765	1787	1834	0	6	0	0	0
02_0_060	7372	1973	1750	1786	1854	0	9	0	0	0
02_0_065	7370	1990	1764	1769	1833	0	14	0	0	0
02_0_068	7371	1975	1764	1784	1837	0	11	0	0	0
02_0_070	7377	1987	1769	1781	1836	0	4	0	0	0
02_0_071	7376	1981	1766	1788	1840	0	1	0	0	0
02_0_072	7374	1981	1764	1786	1838	0	5	0	0	0
02_0_079	7385	1988	1764	1782	1843	0	8	0	0	0
02_0_083	7371	1976	1760	1787	1845	0	3	0	0	0
02_0_090	7370	1990	1760	1774	1843	0	3	0	0	0
02_1_005	7369	1972	1765	1788	1840	0	4	0	0	0
02_1_008	7372	1986	1760	1779	1843	0	4	0	0	0
02_1_042	7373	1987	1772	1780	1831	0	3	0	0	0
02_1_043	7376	1984	1772	1782	1838	0	0	0	0	0
02_1_055	7379	1985	1776	1781	1828	0	9	0	0	0
02_1_065	7370	1983	1773	1782	1832	0	0	0	0	0
02_1_067	7370	2001	1770	1766	1830	0	3	0	0	0
02363_Thai_02	7409	2028	1762	1801	1818	0	0	0	0	0
03_0_002	7379	1977	1757	1790	1854	0	1	0	0	0
03_0_003	7376	1976	1773	1791	1833	0	3	0	0	0
03_KOR_00	7409	2014	1742	1805	1848	0	0	0	0	0
06_KOR_00	7409	2014	1744	1808	1843	0	0	0	0	0
0964/SYD/98	7409	2021	1780	1805	1803	0	0	0	0	0
1/SHENZHEN/08/China/HFMD/2008	7404	1997	1795	1781	1831	0	0	0	0	0
109/EV71/Wenzhou/CHN/2014	7405	2023	1792	1746	1844	0	0	0	0	0
1095_LPS1	7409	2020	1770	1809	1810	0	0	0	0	0
1095_org	7409	2021	1769	1808	1811	0	0	0	0	0
11/EV71/Wenzhou/CHN/2014	7405	2013	1791	1752	1849	0	0	0	0	0
116/EV71/Wenzhou/CHN/2014	7405	2001	1774	1777	1853	0	0	0	0	0
121/SHENZHEN/08/China/HFMD_Fatal/2008	7404	2021	1802	1763	1818	0	0	0	0	0
1235	7405	2013	1776	1768	1847	0	1	0	0	0
1245a/98/tw	7433	2038	1765	1813	1817	0	0	0	0	0
1M_AUS_12_00	7409	2031	1755	1796	1827	0	0	0	0	0
2006_52_9	7406	2004	1791	1775	1836	0	0	0	0	0
2007_07364	7342	2010	1727	1783	1822	0	0	0	0	0
2007_08747	7324	1981	1762	1758	1823	0	0	0	0	0
2008_00643	7348	1994	1760	1780	1814	0	0	0	0	0
2008_07776	7348	1993	1761	1781	1813	0	0	0	0	0
2008_43_16	7407	2016	1796	1761	1834	0	0	0	0	0
2009_02877	6579	1796	1575	1591	1617	0	0	0	0	0
2009_03531	7318	1977	1761	1764	1816	0	0	0	0	0
2010FJLY008	7403	2007	1801	1772	1823	0	0	0	0	0
202/Jingdezhen/China/HFMD_Severe/2011	7405	2020	1796	1765	1824	0	0	0	0	0
236_TW86	7412	2025	1729	1769	1889	0	0	0	0	0
237_TW86	7414	2027	1724	1768	1895	0	0	0	0	0
238_TW86	7413	2029	1736	1766	1882	0	0	0	0	0
244_TW86	7413	2024	1732	1769	1888	0	0	0	0	0
252_TW86	7413	2013	1731	1779	1886	0	4	0	0	0
266_TW86	7413	2011	1732	1783	1887	0	0	0	0	0
26M/AUS/4/99	7412	2019	1779	1768	1846	0	0	0	0	0
26M/AUS/4/99/GuaR1	6582	1811	1558	1577	1636	0	0	0	0	0
28/SHENZHEN/08/China/HFMD/2008	7403	2010	1776	1769	1848	0	0	0	0	0
306A	7424	2012	1778	1782	1852	0	0	0	0	0
306B	7424	2028	1790	1770	1836	0	0	0	0	0
3149	7414	2015	1764	1799	1836	0	0	0	0	0
35/Jingdezhen/China/HFMD_Severe/2011	7406	2002	1793	1767	1844	0	0	0	0	0
3799_SIN_98	7412	2027	1781	1757	1847	0	0	0	0	0
4/EV71/Wenzhou/CHN/2014	7405	2009	1778	1764	1854	0	0	0	0	0
4/SHENZHEN/08/China/HFMD/2008	7404	1997	1791	1783	1833	0	0	0	0	0
4643_TW98	7460	2068	1769	1810	1813	0	0	0	0	0
518_03F/SD/CHN/07	7405	1999	1792	1778	1836	0	0	0	0	0
521_18S/SD/CHN/07	7406	2005	1784	1776	1841	0	0	0	0	0
522_04T/SD/CHN/07	7405	2005	1790	1778	1832	0	0	0	0	0
523_05T/SD/CHN/07	7406	1998	1785	1780	1843	0	0	0	0	0
523_07T/SD/CHN/07	7406	1998	1790	1780	1838	0	0	0	0	0
540V/VNM/05	7405	2010	1781	1770	1844	0	0	0	0	0
5511_SIN_00	7412	2018	1788	1775	1831	0	0	0	0	0
605/SHENZHEN/08/China/HFMD_Severe/2008	7404	2017	1797	1759	1831	0	0	0	0	0
6F/AUS/6/99	7437	2052	1770	1804	1811	0	0	0	0	0
75_Yamagata_LPS1	7404	2005	1766	1771	1862	0	0	0	0	0
75_Yamagata_org	7404	2006	1766	1771	1861	0	0	0	0	0
7F_AUS_6_99	7409	2018	1770	1809	1812	0	0	0	0	0
804/NO/03	7410	2028	1753	1799	1830	0	0	0	0	0
87_2008_Xi'an_Shaanxi	7414	2001	1786	1792	1835	0	0	0	0	0
984	7405	2000	1782	1778	1843	0	2	0	0	0
A2011125	7338	1987	1762	1760	1829	0	0	0	0	0
AFP2001064/EV71/GX/CHN/2001	7406	2001	1779	1775	1851	0	0	0	0	0
AFP2001071/EV71/GX/CHN/2001	7406	2017	1791	1764	1834	0	0	0	0	0
AH01	7296	1992	1763	1735	1806	0	0	0	0	0
AH08/06	7405	1999	1790	1777	1839	0	0	0	0	0
Anhui1_09_China	7395	1992	1789	1775	1839	0	0	0	0	0
Anhui2007	7405	1999	1792	1778	1836	0	0	0	0	0
B5_03172_TW_2011	7414	2008	1786	1781	1839	0	0	0	0	0
B5_96015_TW_2012	7411	2013	1769	1780	1849	0	0	0	0	0
B5_NHRIH2011043_V110703172_TW_Nov_5_11	6579	1802	1566	1591	1620	0	0	0	0	0
BC08	7406	2008	1795	1767	1836	0	0	0	0	0
BJ	7406	2013	1785	1766	1842	0	0	0	0	0
BJ01	7283	1985	1759	1733	1806	0	0	0	0	0
BJ02	7283	1986	1758	1731	1808	0	0	0	0	0
BJ06_SJS06	7309	1981	1777	1741	1810	0	0	0	0	0
BJ08	7405	2009	1803	1775	1818	0	0	0	0	0
BJ08_Z004_3	7405	2010	1769	1766	1860	0	0	0	0	0
BJ08_Z011_4	7405	2016	1797	1761	1831	0	0	0	0	0
BJ08_Z020_1	7405	2012	1797	1763	1833	0	0	0	0	0
BJ08_Z025_5	7405	2015	1794	1768	1828	0	0	0	0	0
BJ09/07	7406	2016	1789	1763	1838	0	0	0	0	0
BJ110	7406	2008	1790	1770	1838	0	0	0	0	0
BJ293	7405	2006	1782	1771	1846	0	0	0	0	0
BJ303	7406	2009	1791	1770	1836	0	0	0	0	0
BJ366	7405	2014	1795	1768	1828	0	0	0	0	0
BJ393	7405	2004	1781	1775	1845	0	0	0	0	0
BJ398	7406	2006	1800	1770	1830	0	0	0	0	0
BJ462	7405	2007	1788	1769	1841	0	0	0	0	0
BJ67	7405	2009	1792	1766	1838	0	0	0	0	0
BJ97	7405	2002	1770	1778	1855	0	0	0	0	0
BrCr	7408	2030	1757	1774	1847	0	0	0	0	0
BRU/2006/35334	7412	2018	1774	1773	1847	0	0	0	0	0
BS	7437	2033	1777	1784	1843	0	0	0	0	0
BZ200805	7457	2043	1794	1764	1856	0	0	0	0	0
C1/FY08_C30_P11	7353	1999	1779	1751	1824	0	0	0	0	0
C1/FY08_C30_P9	7358	2001	1781	1752	1824	0	0	0	0	0
C2_NHRIEV95528_TW_Jun_25_12	6579	1798	1575	1625	1581	0	0	0	0	0
C2/FY08_C30	7348	1998	1779	1750	1821	0	0	0	0	0
C4	7394	2009	1787	1763	1835	0	0	0	0	0
C4a_01585_TW_2011	6664	1837	1594	1577	1656	0	0	0	0	0
C4a_70365_TW_2010	7408	2015	1789	1765	1839	0	0	0	0	0
C7/Osaka_LPS1	7412	2012	1775	1782	1843	0	0	0	0	0
C7/Osaka_org	7412	2013	1775	1782	1842	0	0	0	0	0
Chongqing1_09_China	7409	2014	1784	1767	1844	0	0	0	0	0
Chongqing2_09_China	7406	2007	1799	1769	1831	0	0	0	0	0
Chongqing3_09_China	7404	2009	1785	1765	1845	0	0	0	0	0
cmuh_050530_5	7404	2014	1781	1774	1835	0	0	0	0	0
CQ03_1/CQ/CHN/2003	7404	2008	1782	1765	1849	0	0	0	0	0
CSF_CH_06	7359	2018	1736	1787	1818	0	0	0	0	0
DL71	7416	2012	1764	1786	1854	0	0	0	0	0
DTID/ZJU_62	7405	2010	1792	1767	1836	0	0	0	0	0
DTID/ZJU_74	7405	2012	1796	1765	1832	0	0	0	0	0
E2002042_TW_CDC	7435	2045	1775	1770	1845	0	0	0	0	0
E2004104_TW_CDC	7426	2031	1789	1769	1837	0	0	0	0	0
E2005125_TW	7439	2053	1734	1809	1843	0	0	0	0	0
ENT/PM/SHA52	7408	2033	1753	1798	1824	0	0	0	0	0
ENT/PM/SHA71	7408	2035	1759	1797	1817	0	0	0	0	0
EV003_07	7419	2014	1761	1819	1825	0	0	0	0	0
EV034_06	7416	2023	1777	1764	1852	0	0	0	0	0
EV049_07	7418	2019	1765	1815	1819	0	0	0	0	0
EV053_07	7419	2010	1790	1823	1796	0	0	0	0	0
EV054_07	7419	2010	1787	1820	1802	0	0	0	0	0
EV063_04	7421	2023	1755	1822	1821	0	0	0	0	0
EV073_07	7419	2015	1770	1819	1815	0	0	0	0	0
EV082_07	7419	2015	1768	1819	1817	0	0	0	0	0
EV090_07	7356	1987	1762	1804	1803	0	0	0	0	0
EV123_07	7419	2016	1766	1818	1819	0	0	0	0	0
EV124_07	7419	1818	1818	1766	2017	0	0	0	0	0
EV141_06	7416	2018	1777	1770	1851	0	0	0	0	0
EV144_06	7416	2022	1779	1765	1850	0	0	0	0	0
EV71_Hubei_09_China	7408	2042	1749	1769	1848	0	0	0	0	0
EV71/9/97/SHA89	7410	2013	1774	1781	1842	0	0	0	0	0
EV71/Fuyang.Anhui.P.R.C/17.08/1	7405	2008	1797	1768	1832	0	0	0	0	0
EV71/Fuyang.Anhui.P.R.C/17.08/2	7405	2009	1796	1767	1833	0	0	0	0	0
EV71/Fuyang.Anhui.P.R.C/17.08/3	7405	2010	1797	1766	1832	0	0	0	0	0
EV71/GD10_12/2010	7405	2015	1794	1762	1834	0	0	0	0	0
EV71/GD10_45/2010	7405	1991	1782	1787	1845	0	0	0	0	0
EV71/GD10_7/2010	7405	2008	1797	1764	1836	0	0	0	0	0
EV71/GDFS/3/2008	7405	1997	1774	1782	1852	0	0	0	0	0
EV71/GDSG/17/2008	7405	2013	1793	1770	1829	0	0	0	0	0
EV71/Henan/106/2009	7403	2002	1787	1778	1836	0	0	0	0	0
EV71/Henan/294/2010	7409	2017	1802	1763	1827	0	0	0	0	0
EV71/Henan/399/2010	7406	2012	1805	1757	1831	0	1	0	0	0
EV71/HENAN/DC/2010	7406	2015	1770	1767	1854	0	0	0	0	0
EV71/Homo_sapiens/KHM/260/2012	7360	1997	1773	1760	1830	0	0	0	0	0
EV71/Homo_sapiens/KHM/268/2012	7360	1987	1778	1766	1829	0	0	0	0	0
EV71/Homo_sapiens/KHM/269/2012	7361	1993	1773	1762	1833	0	0	0	0	0
EV71/Homo_sapiens/KHM/271/2012	7360	1988	1778	1766	1828	0	0	0	0	0
EV71/Homo_sapiens/KHM/272/2012	7360	1996	1771	1758	1835	0	0	0	0	0
EV71/Homo_sapiens/KHM/274/2012	7003	1895	1680	1686	1742	0	0	0	0	0
EV71/Homo_sapiens/KHM/275/2012	7360	1990	1770	1764	1836	0	0	0	0	0
EV71/Homo_sapiens/KHM/277/2012	7345	1992	1776	1750	1827	0	0	0	0	0
EV71/Homo_sapiens/KHM/280/2012	7361	2000	1765	1763	1833	0	0	0	0	0
EV71/Homo_sapiens/KHM/284/2012	6786	1858	1615	1616	1697	0	0	0	0	0
EV71/Homo_sapiens/KHM/285/2012	7123	1933	1712	1707	1771	0	0	0	0	0
EV71/Homo_sapiens/KHM/287/2012	7330	1978	1773	1759	1820	0	0	0	0	0
EV71/Homo_sapiens/KHM/293/2012	7360	1993	1766	1762	1839	0	0	0	0	0
EV71/Homo_sapiens/KHM/295/2012	7360	1994	1773	1761	1832	0	0	0	0	0
EV71/Homo_sapiens/KHM/297/2012	7358	1992	1775	1763	1828	0	0	0	0	0
EV71/Homo_sapiens/KHM/298/2012	7360	1997	1770	1760	1833	0	0	0	0	0
EV71/Homo_sapiens/KHM/299/2012	7255	1972	1747	1735	1801	0	0	0	0	0
EV71/Homo_sapiens/KHM/300/2012	7360	1991	1765	1763	1841	0	0	0	0	0
EV71/Homo_sapiens/KHM/302/2012	7359	2001	1775	1759	1824	0	0	0	0	0
EV71/Homo_sapiens/KHM/304/2012	7361	1995	1773	1762	1831	0	0	0	0	0
EV71/Homo_sapiens/KHM/308/2012	7027	1899	1681	1690	1757	0	0	0	0	0
EV71/Homo_sapiens/KHM/309/2012	6806	1847	1626	1641	1692	0	0	0	0	0
EV71/Homo_sapiens/KHM/310/2012	7360	1989	1771	1764	1836	0	0	0	0	0
EV71/Homo_sapiens/KHM/311/2012	7360	1989	1770	1764	1837	0	0	0	0	0
EV71/Homo_sapiens/KHM/312/2012	7039	1903	1702	1682	1752	0	0	0	0	0
EV71/Homo_sapiens/KHM/313/2012	6509	1781	1552	1550	1626	0	0	0	0	0
EV71/Homo_sapiens/KHM/315/2013	7326	1987	1768	1749	1822	0	0	0	0	0
EV71/Homo_sapiens/KHM/316/2013	7351	1991	1776	1753	1831	0	0	0	0	0
EV71/Homo_sapiens/KHM/319/2013	7082	1921	1695	1695	1771	0	0	0	0	0
EV71/Homo_sapiens/KHM/330/2012	7287	1973	1757	1747	1810	0	0	0	0	0
EV71/Homo_sapiens/KHM/336/2012	7360	1989	1777	1766	1828	0	0	0	0	0
EV71/Homo_sapiens/KHM/342/2012	7163	1928	1725	1711	1779	20	0	0	0	0
EV71/Homo_sapiens/KHM/349/2012	6664	1796	1617	1615	1636	0	0	0	0	0
EV71/Homo_sapiens/KHM/351/2012	7014	1893	1694	1693	1734	0	0	0	0	0
EV71/Homo_sapiens/KHM/352/2012	7360	1990	1770	1763	1837	0	0	0	0	0
EV71/Homo_sapiens/KHM/353/2012	7360	1986	1787	1770	1817	0	0	0	0	0
EV71/Homo_sapiens/KHM/354/2012	7024	1905	1694	1681	1744	0	0	0	0	0
EV71/Homo_sapiens/KHM/359/2012	7359	1988	1783	1761	1827	0	0	0	0	0
EV71/Homo_sapiens/KHM/360/2012	7207	1946	1743	1729	1789	0	0	0	0	0
EV71/Homo_sapiens/KHM/361/2012	7360	1997	1767	1760	1836	0	0	0	0	0
EV71/Homo_sapiens/KHM/362/2012	7360	1991	1774	1764	1831	0	0	0	0	0
EV71/Homo_sapiens/KHM/367/2012	7358	2005	1771	1769	1813	0	0	0	0	0
EV71/Homo_sapiens/KHM/368/2012	7360	1991	1772	1764	1833	0	0	0	0	0
EV71/Homo_sapiens/KHM/371/2012	7366	1976	1762	1786	1842	0	0	0	0	0
EV71/Homo_sapiens/KHM/374/2012	7286	1977	1752	1740	1817	0	0	0	0	0
EV71/Homo_sapiens/KHM/375/2012	7360	1990	1772	1765	1833	0	0	0	0	0
EV71/Homo_sapiens/KHM/376/2012	7360	1991	1769	1765	1835	0	0	0	0	0
EV71/Homo_sapiens/KHM/377/2012	7360	1989	1769	1765	1837	0	0	0	0	0
EV71/Homo_sapiens/KHM/378/2012	7360	1987	1776	1766	1831	0	0	0	0	0
EV71/Homo_sapiens/KHM/382/2012	7360	1998	1771	1758	1833	0	0	0	0	0
EV71/Homo_sapiens/KHM/384/2012	7341	1990	1759	1757	1835	0	0	0	0	0
EV71/Homo_sapiens/KHM/388/2012	7358	1989	1785	1759	1825	0	0	0	0	0
EV71/Homo_sapiens/KHM/392/2012	7320	1987	1764	1746	1823	0	0	0	0	0
EV71/Homo_sapiens/KHM/393/2012	7359	1995	1770	1758	1836	0	0	0	0	0
EV71/Homo_sapiens/KHM/394/2012	7360	1990	1783	1767	1820	0	0	0	0	0
EV71/Homo_sapiens/KHM/397/2012	7226	1959	1745	1723	1799	0	0	0	0	0
EV71/Homo_sapiens/KHM/398/2012	7265	1970	1744	1738	1813	0	0	0	0	0
EV71/Homo_sapiens/KHM/400/XXXX	7360	1994	1774	1762	1830	0	0	0	0	0
EV71/Homo_sapiens/VNM/1/2011	7359	1991	1776	1763	1829	0	0	0	0	0
EV71/Homo_sapiens/VNM/10/2011	7360	1988	1779	1766	1827	0	0	0	0	0
EV71/Homo_sapiens/VNM/101/2012	7361	1990	1776	1764	1831	0	0	0	0	0
EV71/Homo_sapiens/VNM/103/2012	7360	1987	1770	1767	1836	0	0	0	0	0
EV71/Homo_sapiens/VNM/105/2012	7360	1996	1770	1759	1835	0	0	0	0	0
EV71/Homo_sapiens/VNM/107/2012	7361	1988	1780	1765	1828	0	0	0	0	0
EV71/Homo_sapiens/VNM/108/2012	7360	1990	1769	1764	1837	0	0	0	0	0
EV71/Homo_sapiens/VNM/109/2012	7360	1995	1771	1757	1837	0	0	0	0	0
EV71/Homo_sapiens/VNM/11/2011	7360	1987	1778	1765	1830	0	0	0	0	0
EV71/Homo_sapiens/VNM/110/2012	7360	1990	1777	1764	1829	0	0	0	0	0
EV71/Homo_sapiens/VNM/111/2012	7360	1991	1771	1761	1837	0	0	0	0	0
EV71/Homo_sapiens/VNM/113/2012	7366	1977	1767	1786	1836	0	0	0	0	0
EV71/Homo_sapiens/VNM/114/2012	7360	1988	1769	1764	1839	0	0	0	0	0
EV71/Homo_sapiens/VNM/116/2012	7360	1995	1771	1758	1836	0	0	0	0	0
EV71/Homo_sapiens/VNM/117/2012	7360	1984	1764	1771	1841	0	0	0	0	0
EV71/Homo_sapiens/VNM/119/2012	7360	1992	1768	1762	1838	0	0	0	0	0
EV71/Homo_sapiens/VNM/12/2011	7360	1989	1773	1765	1833	0	0	0	0	0
EV71/Homo_sapiens/VNM/121/2012	7366	1978	1765	1786	1837	0	0	0	0	0
EV71/Homo_sapiens/VNM/122/2012	7360	1992	1779	1761	1828	0	0	0	0	0
EV71/Homo_sapiens/VNM/123/2012	7366	1978	1765	1786	1837	0	0	0	0	0
EV71/Homo_sapiens/VNM/127/2012	7359	1998	1764	1758	1839	0	0	0	0	0
EV71/Homo_sapiens/VNM/128/2012	7360	1991	1765	1763	1841	0	0	0	0	0
EV71/Homo_sapiens/VNM/129/2012	7366	1974	1765	1786	1841	0	0	0	0	0
EV71/Homo_sapiens/VNM/13/2011	7360	1991	1776	1764	1829	0	0	0	0	0
EV71/Homo_sapiens/VNM/130/2012	7360	1986	1767	1766	1841	0	0	0	0	0
EV71/Homo_sapiens/VNM/131/2012	7360	1993	1778	1761	1828	0	0	0	0	0
EV71/Homo_sapiens/VNM/132/2012	7332	1983	1761	1754	1834	0	0	0	0	0
EV71/Homo_sapiens/VNM/133/2012	7365	1987	1759	1778	1841	0	0	0	0	0
EV71/Homo_sapiens/VNM/134/2012	7358	1993	1767	1762	1836	0	0	0	0	0
EV71/Homo_sapiens/VNM/135/2012	7360	1989	1777	1765	1829	0	0	0	0	0
EV71/Homo_sapiens/VNM/136/2012	7358	1994	1766	1761	1837	0	0	0	0	0
EV71/Homo_sapiens/VNM/138/2012	7359	1990	1771	1768	1830	0	0	0	0	0
EV71/Homo_sapiens/VNM/14/2011	7359	1988	1769	1764	1838	0	0	0	0	0
EV71/Homo_sapiens/VNM/142/2012	7356	1989	1778	1761	1828	0	0	0	0	0
EV71/Homo_sapiens/VNM/143/2012	7360	1994	1779	1760	1827	0	0	0	0	0
EV71/Homo_sapiens/VNM/144/2012	7281	1981	1732	1746	1822	0	0	0	0	0
EV71/Homo_sapiens/VNM/148/2012	7360	1991	1779	1763	1827	0	0	0	0	0
EV71/Homo_sapiens/VNM/149/2012	7360	1991	1782	1763	1824	0	0	0	0	0
EV71/Homo_sapiens/VNM/15/2011	7363	2009	1726	1799	1829	0	0	0	0	0
EV71/Homo_sapiens/VNM/150/2012	7360	1991	1774	1764	1831	0	0	0	0	0
EV71/Homo_sapiens/VNM/151/2012	7326	1982	1771	1752	1821	0	0	0	0	0
EV71/Homo_sapiens/VNM/152/2012	7366	1976	1773	1787	1830	0	0	0	0	0
EV71/Homo_sapiens/VNM/153/2012	7360	1991	1768	1765	1836	0	0	0	0	0
EV71/Homo_sapiens/VNM/154/2012	7360	1993	1768	1763	1836	0	0	0	0	0
EV71/Homo_sapiens/VNM/155/2012	7360	1987	1781	1766	1826	0	0	0	0	0
EV71/Homo_sapiens/VNM/156/2012	7359	1988	1773	1766	1832	0	0	0	0	0
EV71/Homo_sapiens/VNM/157/2012	7360	1990	1784	1764	1822	0	0	0	0	0
EV71/Homo_sapiens/VNM/159/2012	7286	1973	1752	1743	1818	0	0	0	0	0
EV71/Homo_sapiens/VNM/16/2011	7359	1986	1780	1767	1826	0	0	0	0	0
EV71/Homo_sapiens/VNM/160/2012	7358	1989	1771	1762	1836	0	0	0	0	0
EV71/Homo_sapiens/VNM/161/2012	7359	1989	1763	1765	1842	0	0	0	0	0
EV71/Homo_sapiens/VNM/162/2012	7359	1993	1765	1762	1839	0	0	0	0	0
EV71/Homo_sapiens/VNM/163/2012	7359	1991	1765	1764	1839	0	0	0	0	0
EV71/Homo_sapiens/VNM/164/2012	7360	1991	1778	1763	1828	0	0	0	0	0
EV71/Homo_sapiens/VNM/166/2012	7265	1864	1679	1654	1692	376	0	0	0	0
EV71/Homo_sapiens/VNM/167/2012	7353	1992	1774	1757	1830	0	0	0	0	0
EV71/Homo_sapiens/VNM/168/2012	7366	1998	1770	1766	1832	0	0	0	0	0
EV71/Homo_sapiens/VNM/169/2012	6161	1650	1516	1491	1504	0	0	0	0	0
EV71/Homo_sapiens/VNM/17/2011	7303	1998	1705	1776	1824	0	0	0	0	0
EV71/Homo_sapiens/VNM/170/2012	7360	1998	1771	1758	1833	0	0	0	0	0
EV71/Homo_sapiens/VNM/171/2012	7366	1978	1768	1785	1835	0	0	0	0	0
EV71/Homo_sapiens/VNM/173/2012	7359	1990	1780	1756	1833	0	0	0	0	0
EV71/Homo_sapiens/VNM/174/2012	7366	1978	1772	1784	1832	0	0	0	0	0
EV71/Homo_sapiens/VNM/175/2012	7282	1468	1358	1296	1350	1810	0	0	0	0
EV71/Homo_sapiens/VNM/176/2012	7366	1980	1773	1783	1830	0	0	0	0	0
EV71/Homo_sapiens/VNM/177/2012	7366	1979	1765	1782	1840	0	0	0	0	0
EV71/Homo_sapiens/VNM/178/2012	6995	1734	1575	1556	1589	541	0	0	0	0
EV71/Homo_sapiens/VNM/179/2012	7366	1982	1773	1778	1833	0	0	0	0	0
EV71/Homo_sapiens/VNM/180/2012	7366	1981	1767	1782	1836	0	0	0	0	0
EV71/Homo_sapiens/VNM/184/2012	7358	1990	1775	1768	1825	0	0	0	0	0
EV71/Homo_sapiens/VNM/185/2012	7366	1980	1764	1781	1841	0	0	0	0	0
EV71/Homo_sapiens/VNM/186/2011	7358	1981	1774	1773	1830	0	0	0	0	0
EV71/Homo_sapiens/VNM/189/2011	7360	1986	1773	1768	1833	0	0	0	0	0
EV71/Homo_sapiens/VNM/19/2011	7360	1986	1763	1768	1843	0	0	0	0	0
EV71/Homo_sapiens/VNM/191/2011	7363	2018	1712	1788	1845	0	0	0	0	0
EV71/Homo_sapiens/VNM/192/2011	7366	1978	1770	1786	1832	0	0	0	0	0
EV71/Homo_sapiens/VNM/193/2011	7360	1988	1763	1767	1842	0	0	0	0	0
EV71/Homo_sapiens/VNM/195/2011	7363	2018	1715	1788	1842	0	0	0	0	0
EV71/Homo_sapiens/VNM/196/2011	7360	1985	1772	1770	1833	0	0	0	0	0
EV71/Homo_sapiens/VNM/197/2011	7358	1987	1772	1769	1830	0	0	0	0	0
EV71/Homo_sapiens/VNM/198/2011	7360	1991	1784	1763	1822	0	0	0	0	0
EV71/Homo_sapiens/VNM/199/2011	7363	2007	1721	1800	1835	0	0	0	0	0
EV71/Homo_sapiens/VNM/2/2011	7360	1989	1781	1768	1822	0	0	0	0	0
EV71/Homo_sapiens/VNM/200/2011	7360	1991	1777	1763	1829	0	0	0	0	0
EV71/Homo_sapiens/VNM/202/2011	7358	1985	1771	1771	1831	0	0	0	0	0
EV71/Homo_sapiens/VNM/205/2011	7360	1990	1785	1762	1823	0	0	0	0	0
EV71/Homo_sapiens/VNM/206/2011	7360	1990	1769	1766	1835	0	0	0	0	0
EV71/Homo_sapiens/VNM/208/2011	7360	1992	1787	1762	1819	0	0	0	0	0
EV71/Homo_sapiens/VNM/209/2011	7360	1991	1770	1765	1834	0	0	0	0	0
EV71/Homo_sapiens/VNM/210/2011	7360	1990	1774	1764	1832	0	0	0	0	0
EV71/Homo_sapiens/VNM/211/2011	7360	1991	1768	1764	1837	0	0	0	0	0
EV71/Homo_sapiens/VNM/212/2011	7360	1989	1784	1764	1823	0	0	0	0	0
EV71/Homo_sapiens/VNM/213/2011	7360	1989	1777	1769	1825	0	0	0	0	0
EV71/Homo_sapiens/VNM/215/2011	7360	1988	1776	1767	1829	0	0	0	0	0
EV71/Homo_sapiens/VNM/216/2011	7360	1992	1773	1760	1835	0	0	0	0	0
EV71/Homo_sapiens/VNM/218/2011	7360	1994	1777	1763	1826	0	0	0	0	0
EV71/Homo_sapiens/VNM/219/2011	7360	1989	1766	1765	1840	0	0	0	0	0
EV71/Homo_sapiens/VNM/22/2011	7359	1984	1771	1769	1835	0	0	0	0	0
EV71/Homo_sapiens/VNM/221/2011	7360	1995	1766	1759	1840	0	0	0	0	0
EV71/Homo_sapiens/VNM/222/2011	7360	1996	1765	1759	1840	0	0	0	0	0
EV71/Homo_sapiens/VNM/225/2011	7360	1988	1774	1765	1833	0	0	0	0	0
EV71/Homo_sapiens/VNM/227/2011	7360	1995	1774	1759	1832	0	0	0	0	0
EV71/Homo_sapiens/VNM/228/2011	7359	1990	1770	1764	1835	0	0	0	0	0
EV71/Homo_sapiens/VNM/229/2011	7360	1988	1775	1766	1831	0	0	0	0	0
EV71/Homo_sapiens/VNM/23/2011	7360	1992	1773	1763	1832	0	0	0	0	0
EV71/Homo_sapiens/VNM/230/2011	7360	1991	1774	1764	1831	0	0	0	0	0
EV71/Homo_sapiens/VNM/233/2011	7359	1991	1773	1766	1829	0	0	0	0	0
EV71/Homo_sapiens/VNM/235/2011	7360	1997	1789	1757	1817	0	0	0	0	0
EV71/Homo_sapiens/VNM/236/2011	7360	1992	1780	1762	1826	0	0	0	0	0
EV71/Homo_sapiens/VNM/237/2011	7360	1996	1781	1763	1820	0	0	0	0	0
EV71/Homo_sapiens/VNM/238/2011	7359	1987	1776	1766	1830	0	0	0	0	0
EV71/Homo_sapiens/VNM/24/2011	7360	1990	1778	1764	1828	0	0	0	0	0
EV71/Homo_sapiens/VNM/241/2011	7359	1992	1776	1762	1829	0	0	0	0	0
EV71/Homo_sapiens/VNM/242/2011	7360	1991	1767	1763	1839	0	0	0	0	0
EV71/Homo_sapiens/VNM/243/2011	7360	1992	1786	1762	1820	0	0	0	0	0
EV71/Homo_sapiens/VNM/245/2011	7358	1988	1771	1769	1830	0	0	0	0	0
EV71/Homo_sapiens/VNM/246/2011	7360	1995	1770	1760	1835	0	0	0	0	0
EV71/Homo_sapiens/VNM/247/2011	7360	1989	1776	1764	1831	0	0	0	0	0
EV71/Homo_sapiens/VNM/249/2011	7361	1986	1779	1768	1828	0	0	0	0	0
EV71/Homo_sapiens/VNM/25/2011	7361	1996	1771	1758	1836	0	0	0	0	0
EV71/Homo_sapiens/VNM/250/2011	7360	1987	1780	1767	1826	0	0	0	0	0
EV71/Homo_sapiens/VNM/26/2011	7359	1996	1773	1759	1831	0	0	0	0	0
EV71/Homo_sapiens/VNM/27/2011	7359	1995	1774	1760	1830	0	0	0	0	0
EV71/Homo_sapiens/VNM/28/2011	7360	1995	1768	1759	1838	0	0	0	0	0
EV71/Homo_sapiens/VNM/29/2011	7360	1993	1771	1760	1836	0	0	0	0	0
EV71/Homo_sapiens/VNM/3/2011	7360	1992	1783	1762	1823	0	0	0	0	0
EV71/Homo_sapiens/VNM/31/2011	7360	1988	1773	1769	1830	0	0	0	0	0
EV71/Homo_sapiens/VNM/32/2011	7359	1996	1768	1759	1836	0	0	0	0	0
EV71/Homo_sapiens/VNM/33/2011	7360	1995	1772	1760	1833	0	0	0	0	0
EV71/Homo_sapiens/VNM/34/2011	7358	1996	1770	1759	1833	0	0	0	0	0
EV71/Homo_sapiens/VNM/35/2011	7360	1988	1777	1766	1829	0	0	0	0	0
EV71/Homo_sapiens/VNM/36/2011	7359	1986	1765	1763	1845	0	0	0	0	0
EV71/Homo_sapiens/VNM/37/2011	7359	1995	1769	1760	1835	0	0	0	0	0
EV71/Homo_sapiens/VNM/38/2011	7359	1992	1786	1765	1816	0	0	0	0	0
EV71/Homo_sapiens/VNM/39/2011	7357	1985	1790	1765	1817	0	0	0	0	0
EV71/Homo_sapiens/VNM/4/2011	7359	1991	1777	1762	1829	0	0	0	0	0
EV71/Homo_sapiens/VNM/40/2011	7359	1993	1787	1764	1815	0	0	0	0	0
EV71/Homo_sapiens/VNM/41/2011	7359	1998	1769	1757	1835	0	0	0	0	0
EV71/Homo_sapiens/VNM/42/2011	7360	1985	1777	1768	1830	0	0	0	0	0
EV71/Homo_sapiens/VNM/43/2012	7360	1987	1770	1766	1837	0	0	0	0	0
EV71/Homo_sapiens/VNM/44/2012	7360	1989	1763	1766	1842	0	0	0	0	0
EV71/Homo_sapiens/VNM/45/2012	7360	1991	1781	1763	1825	0	0	0	0	0
EV71/Homo_sapiens/VNM/46/2012	7360	1985	1779	1768	1828	0	0	0	0	0
EV71/Homo_sapiens/VNM/47/2012	7359	1994	1769	1761	1835	0	0	0	0	0
EV71/Homo_sapiens/VNM/49/2012	7360	1989	1782	1763	1826	0	0	0	0	0
EV71/Homo_sapiens/VNM/5/2011	7363	2008	1726	1800	1829	0	0	0	0	0
EV71/Homo_sapiens/VNM/50/2012	7360	1981	1773	1773	1833	0	0	0	0	0
EV71/Homo_sapiens/VNM/51/2012	7360	1992	1778	1763	1827	0	0	0	0	0
EV71/Homo_sapiens/VNM/52/2012	7360	1986	1776	1768	1830	0	0	0	0	0
EV71/Homo_sapiens/VNM/53/2012	7363	2003	1723	1804	1833	0	0	0	0	0
EV71/Homo_sapiens/VNM/54/2012	7359	1987	1766	1767	1839	0	0	0	0	0
EV71/Homo_sapiens/VNM/55/2012	7360	1991	1774	1764	1831	0	0	0	0	0
EV71/Homo_sapiens/VNM/57/2012	7360	1996	1779	1758	1827	0	0	0	0	0
EV71/Homo_sapiens/VNM/58/2012	7360	1991	1777	1764	1828	0	0	0	0	0
EV71/Homo_sapiens/VNM/59/2012	7359	1994	1784	1763	1818	0	0	0	0	0
EV71/Homo_sapiens/VNM/6/2011	7360	1985	1767	1768	1840	0	0	0	0	0
EV71/Homo_sapiens/VNM/61/2012	7359	1994	1784	1763	1818	0	0	0	0	0
EV71/Homo_sapiens/VNM/62/2012	7366	1975	1772	1786	1833	0	0	0	0	0
EV71/Homo_sapiens/VNM/63/2012	7360	1992	1776	1763	1829	0	0	0	0	0
EV71/Homo_sapiens/VNM/64/2012	7359	1988	1767	1766	1838	0	0	0	0	0
EV71/Homo_sapiens/VNM/66/2012	7360	1989	1763	1766	1842	0	0	0	0	0
EV71/Homo_sapiens/VNM/67/2012	7360	1996	1773	1757	1834	0	0	0	0	0
EV71/Homo_sapiens/VNM/7/2011	7360	1994	1773	1760	1833	0	0	0	0	0
EV71/Homo_sapiens/VNM/71/2012	7359	1994	1769	1761	1835	0	0	0	0	0
EV71/Homo_sapiens/VNM/72/2012	7360	1988	1765	1766	1841	0	0	0	0	0
EV71/Homo_sapiens/VNM/73/2012	7359	1994	1767	1761	1837	0	0	0	0	0
EV71/Homo_sapiens/VNM/75/2012	7358	1980	1776	1773	1829	0	0	0	0	0
EV71/Homo_sapiens/VNM/77/2012	7359	1994	1769	1761	1835	0	0	0	0	0
EV71/Homo_sapiens/VNM/78/2012	7359	1997	1770	1758	1834	0	0	0	0	0
EV71/Homo_sapiens/VNM/79/2012	7360	1992	1778	1762	1828	0	0	0	0	0
EV71/Homo_sapiens/VNM/8/2011	7360	1991	1780	1763	1826	0	0	0	0	0
EV71/Homo_sapiens/VNM/80/2012	7360	1992	1779	1762	1827	0	0	0	0	0
EV71/Homo_sapiens/VNM/89/2012	7359	1995	1766	1760	1838	0	0	0	0	0
EV71/Homo_sapiens/VNM/9/2011	7360	1995	1774	1759	1832	0	0	0	0	0
EV71/Homo_sapiens/VNM/90/2012	7360	1992	1774	1763	1831	0	0	0	0	0
EV71/Homo_sapiens/VNM/91/2012	7359	1988	1774	1765	1832	0	0	0	0	0
EV71/Homo_sapiens/VNM/93/2012	7358	1994	1767	1761	1836	0	0	0	0	0
EV71/Homo_sapiens/VNM/94/2012	7363	2005	1719	1803	1836	0	0	0	0	0
EV71/Homo_sapiens/VNM/96/2012	7360	1992	1780	1762	1826	0	0	0	0	0
EV71/Homo_sapiens/VNM/97/2012	7359	1988	1782	1768	1821	0	0	0	0	0
EV71/Homo_sapiens/VNM/98/2012	7360	1986	1769	1764	1841	0	0	0	0	0
EV71/Homo_sapiens/VNM/99/2012	7359	1999	1767	1758	1835	0	0	0	0	0
EV71/Hubei_XF/CHN/2010	7405	2006	1786	1770	1843	0	0	0	0	0
EV71/Hun11_32/2011	7406	2015	1783	1761	1847	0	0	0	0	0
EV71/Hun11_4/2011	7405	2007	1802	1762	1834	0	0	0	0	0
EV71/Hun12_10/2012	7405	2010	1787	1763	1845	0	0	0	0	0
EV71/Hun12_14/2012	7406	1999	1785	1774	1848	0	0	0	0	0
EV71/Jinan1002	7404	2005	1791	1774	1834	0	0	0	0	0
EV71/Jinan1004	7405	2014	1791	1765	1835	0	0	0	0	0
EV71/Jinan1005	7404	2013	1791	1767	1833	0	0	0	0	0
EV71/Jinan1006	7404	2013	1804	1762	1825	0	0	0	0	0
EV71/JN200803	7405	2007	1786	1769	1843	0	0	0	0	0
EV71/JN200804	7404	2012	1795	1763	1834	0	0	0	0	0
EV71/Lanzhou01	7405	2008	1788	1768	1841	0	0	0	0	0
EV71/Ningbo.CHN/001/2010	7406	2010	1791	1766	1839	0	0	0	0	0
EV71/Ningbo.CHN/002/2010	7406	2016	1796	1761	1833	0	0	0	0	0
EV71/Ningbo.CHN/061/2011	7406	2018	1791	1757	1840	0	0	0	0	0
EV71/Ningbo.CHN/065/2010	7406	2009	1795	1766	1836	0	0	0	0	0
EV71/Ningbo.CHN/069/2010	7406	2008	1800	1767	1831	0	0	0	0	0
EV71/Ningbo.CHN/076/2009	7406	2013	1798	1765	1830	0	0	0	0	0
EV71/Ningbo.CHN/087/2009	7406	2010	1793	1766	1837	0	0	0	0	0
EV71/Ningbo.CHN/103/2009	7406	2013	1791	1762	1839	0	1	0	0	0
EV71/Ningbo.CHN/107_2/2009	7406	2016	1792	1762	1835	0	1	0	0	0
EV71/Ningbo.CHN/107/2009	7406	2011	1789	1766	1840	0	0	0	0	0
EV71/NX10_147/2010	7406	2013	1795	1765	1833	0	0	0	0	0
EV71/NX10_36/2010	7406	2010	1786	1769	1841	0	0	0	0	0
EV71/P1027/2013/China	7412	2004	1790	1786	1832	0	0	0	0	0
EV71/P1031/2013/China	7405	2004	1776	1770	1855	0	0	0	0	0
EV71/P1034/2013/China	7405	2004	1787	1772	1842	0	0	0	0	0
EV71/P123/2013/China	7405	2009	1788	1765	1843	0	0	0	0	0
EV71/P156/2013/China	7405	2011	1796	1760	1838	0	0	0	0	0
EV71/P16/2013/China	7405	2012	1787	1756	1850	0	0	0	0	0
EV71/P222/2013/China	7405	2007	1792	1766	1840	0	0	0	0	0
EV71/P267/2013/China	7405	2015	1776	1749	1865	0	0	0	0	0
EV71/P352/2013/China	7405	2010	1797	1764	1834	0	0	0	0	0
EV71/P40/2013/China	7405	2010	1789	1762	1844	0	0	0	0	0
EV71/P454/2013/China	7414	2011	1789	1765	1849	0	0	0	0	0
EV71/P63/2013/China	7412	2010	1780	1769	1853	0	0	0	0	0
EV71/P654/2013/China	7405	2011	1783	1764	1847	0	0	0	0	0
EV71/P868/2013/China	7405	2001	1775	1771	1858	0	0	0	0	0
EV71/P977/2013/China	7412	2010	1800	1766	1836	0	0	0	0	0
EV71/P990/2013/China	7414	2015	1792	1754	1853	0	0	0	0	0
EV71/Queenmary/HongKong/2012	7405	2023	1798	1754	1830	0	0	0	0	0
EV71/SAR/SHA63	7402	2015	1777	1770	1840	0	0	0	0	0
EV71/SAR/SHA66	7411	2019	1782	1771	1839	0	0	0	0	0
EV71/wuhan/3018/2010	7408	2046	1754	1769	1839	0	0	0	0	0
EV71/Xiamen/2009	7430	2027	1771	1776	1856	0	0	0	0	0
EV71/Zhejiang08	7406	2010	1805	1768	1823	0	0	0	0	0
EV92_07	7419	1819	1815	1766	2019	0	0	0	0	0
Fuyang_0805	7405	2014	1805	1761	1825	0	0	0	0	0
Fuyang_0805a	6582	1825	1573	1554	1630	0	0	0	0	0
Fuyang200805	7456	2026	1807	1782	1841	0	0	0	0	0
FY08_C30_P14	7347	1995	1777	1754	1821	0	0	0	0	0
FY08_C30_P2	7358	2002	1781	1751	1824	0	0	0	0	0
FY0805	7456	2027	1805	1781	1843	0	0	0	0	0
FY17.08_4/AH/CHN/2008	7404	2009	1795	1767	1833	0	0	0	0	0
FY17.08_5/AH/CHN/2008	7404	2011	1799	1766	1828	0	0	0	0	0
FY17.08_6/AH/CHN/2008	7404	2009	1800	1767	1828	0	0	0	0	0
FY17.08_7/AH/CHN/2008	7405	2007	1790	1771	1837	0	0	0	0	0
FY17.08_8/AH/CHN/2008	7404	2008	1803	1769	1824	0	0	0	0	0
FY23	7409	2003	1804	1775	1827	0	0	0	0	0
FY23_K12	7409	2016	1800	1763	1830	0	0	0	0	0
FY23_K14	7406	2015	1800	1764	1827	0	0	0	0	0
FY7VP5/AH/CHN/2008	7406	2008	1784	1772	1840	0	2	0	0	0
G288_927F/HeN/CHN/2009	7405	2014	1786	1763	1842	0	0	0	0	0
G333_972F/HeN/CHN/2009	7405	2013	1792	1764	1836	0	0	0	0	0
G398_1037F/HeN/CHN/2009	7404	2012	1784	1765	1843	0	0	0	0	0
GD_DG2011_1	7405	2009	1779	1769	1848	0	0	0	0	0
GD_DG2011_2	7406	2010	1780	1767	1849	0	0	0	0	0
GD_DG2011_3	7404	2008	1777	1769	1850	0	0	0	0	0
GD_DG2011_5	7406	2011	1779	1767	1849	0	0	0	0	0
GD_DG2011_8	7406	2008	1779	1770	1849	0	0	0	0	0
GD_DG2011_9	7400	2005	1777	1771	1847	0	0	0	0	0
GDV103	7404	2012	1790	1763	1839	0	0	0	0	0
Guangdong_2009	7404	2008	1806	1781	1808	0	1	0	0	0
GX/LZ_08_04/08/CHN	7405	2007	1800	1765	1833	0	0	0	0	0
GZ_08_01	7404	2001	1781	1776	1846	0	0	0	0	0
GZ_08_02	7405	2004	1791	1773	1837	0	0	0	0	0
GZ_08_03	7395	1993	1795	1779	1828	0	0	0	0	0
H3_TY	7426	2023	1810	1773	1820	0	0	0	0	0
H8_1	7405	1997	1809	1777	1822	0	0	0	0	0
HCM120_VNM_2011	7300	1973	1758	1752	1817	0	0	0	0	0
HCM82_VNM_2011	7268	1973	1742	1737	1816	0	0	0	0	0
HCM84_VNM_2011	7330	2002	1703	1801	1824	0	0	0	0	0
HeN09_1/HeN/CHN/2009	7404	2010	1795	1770	1829	0	0	0	0	0
HeN09_17/HeN/CHN/2009	7401	2007	1795	1768	1828	2	1	0	0	0
Henan_ZMD/CHN/2012	7405	2020	1801	1753	1831	0	0	0	0	0
Henan1_09_China	7214	1965	1739	1729	1781	0	0	0	0	0
Henan10_08_China	7405	2000	1783	1777	1845	0	0	0	0	0
Henan2_09_China	7396	2004	1777	1775	1840	0	0	0	0	0
HN1360/HN/CHN/2011	7414	2013	1792	1765	1844	0	0	0	0	0
HN318/HN/CHN/2011	7414	2019	1782	1761	1852	0	0	0	0	0
HNCZ/201203	7404	2007	1801	1766	1830	0	0	0	0	0
HNCZ/201208	7404	2016	1790	1760	1838	0	0	0	0	0
HNCZ/201211	7404	2004	1781	1774	1845	0	0	0	0	0
HQ09231463	7408	2004	1812	1770	1822	0	0	0	0	0
Hubei_HG/CHN/2012	7405	2005	1770	1774	1856	0	0	0	0	0
Hubei_WH/CHN/2012	7407	2000	1791	1776	1840	0	0	0	0	0
HUN/1978	7412	2023	1731	1774	1884	0	0	0	0	0
HuzhouE371/2011/CHN	7415	2008	1771	1780	1856	0	0	0	0	0
HuzhouE696/2012/CHN	7415	2019	1785	1764	1847	0	0	0	0	0
IM11	7408	2010	1774	1767	1857	0	0	0	0	0
J115_MAL_01	7408	2026	1753	1802	1827	0	0	0	0	0
JiLin_11_China	7408	2002	1767	1774	1865	0	0	0	0	0
JK2009	7458	2029	1800	1780	1849	0	0	0	0	0
Kaifeng/2010	7405	1999	1794	1775	1837	0	0	0	0	0
KED005_LPS2	7409	2032	1767	1793	1817	0	0	0	0	0
KED005_org	7409	2033	1765	1792	1817	0	2	0	0	0
KM186/09	7405	2013	1756	1764	1872	0	0	0	0	0
KMM/09	7405	2006	1774	1771	1854	0	0	0	0	0
Laos2011_HFMD12V	7379	2003	1788	1758	1830	0	0	0	0	0
LAZ60_TR	7439	2055	1771	1803	1810	0	0	0	0	0
LCH01	7283	1993	1758	1734	1798	0	0	0	0	0
LCH02	7283	1985	1758	1733	1807	0	0	0	0	0
LN009	7405	2011	1786	1765	1843	0	0	0	0	0
LR_CH_06	7307	2004	1729	1771	1803	0	0	0	0	0
Luoyang/2011	7405	2003	1791	1773	1838	0	0	0	0	0
M0380_TW08	7411	1999	1772	1791	1849	0	0	0	0	0
M1089_TW12	7412	2013	1766	1778	1855	0	0	0	0	0
M1288_TW08	7412	2000	1770	1791	1851	0	0	0	0	0
M1473_TW08	7412	2012	1771	1775	1854	0	0	0	0	0
M1577_TW12	7412	2014	1769	1776	1853	0	0	0	0	0
M1644_TW08	7412	1998	1781	1789	1844	0	0	0	0	0
M1656_TW08	7412	2010	1781	1774	1847	0	0	0	0	0
M183_1176F/HeN/CHN/2009	7406	2009	1800	1770	1827	0	0	0	0	0
M186_1179F/HeN/CHN/2009	7406	2012	1787	1765	1842	0	0	0	0	0
M188_1181F/HeN/CHN/2009	7406	2011	1795	1767	1833	0	0	0	0	0
M202_TW12	7412	2016	1774	1775	1847	0	0	0	0	0
M245_TW08	7412	2001	1786	1786	1839	0	0	0	0	0
M314_TW08	7412	1998	1787	1788	1839	0	0	0	0	0
M448_TW08	7412	2006	1784	1776	1846	0	0	0	0	0
M538_TW12	7412	2014	1770	1777	1851	0	0	0	0	0
M617_TW12	7412	2009	1776	1779	1848	0	0	0	0	0
M654_TW12	7412	2011	1767	1780	1854	0	0	0	0	0
M665_TW08	7412	2007	1771	1780	1854	0	0	0	0	0
M668_TW08	7412	2008	1785	1771	1848	0	0	0	0	0
M707_TW08	7412	2004	1785	1782	1841	0	0	0	0	0
M957_TW12	7412	2015	1756	1778	1863	0	0	0	0	0
M988_TW12	7412	2016	1769	1775	1852	0	0	0	0	0
M990_TW12	7412	2011	1773	1779	1849	0	0	0	0	0
MP10	7456	2028	1805	1780	1843	0	0	0	0	0
MP10_2	7456	2027	1808	1777	1844	0	0	0	0	0
MP10_2010	7456	2027	1806	1780	1843	0	0	0	0	0
MP4	7460	2067	1773	1812	1808	0	0	0	0	0
MP9_1	7456	2029	1806	1777	1844	0	0	0	0	0
MP9_2	7456	2027	1804	1778	1847	0	0	0	0	0
MRS/09/3663	7395	2002	1765	1803	1818	0	7	0	0	0
MS/7423/87	7411	2008	1754	1782	1867	0	0	0	0	0
MY104_9_SAR_97	7411	2024	1785	1761	1841	0	0	0	0	0
MY821_3_SAR_97	7411	2022	1781	1765	1843	0	0	0	0	0
MZ2008	7453	2041	1804	1772	1836	0	0	0	0	0
N1745_TW08	7412	2006	1784	1778	1844	0	0	0	0	0
N2121_TW05	7404	2001	1772	1780	1851	0	0	0	0	0
N2838_TW03	7412	2025	1780	1764	1843	0	0	0	0	0
N3340_TW_02	7405	2022	1792	1762	1829	0	0	0	0	0
N7008_TW99	7413	2001	1786	1789	1837	0	0	0	0	0
Nagoya	7412	2023	1732	1780	1877	0	0	0	0	0
NAGOYA	7412	2024	1729	1777	1874	0	8	0	0	0
Nanyang/2011_China	7404	1998	1793	1777	1836	0	0	0	0	0
NB/2010/01	7406	2013	1798	1765	1830	0	0	0	0	0
NBChina01	7414	2018	1791	1767	1838	0	0	0	0	0
NCKU9822	7410	2018	1772	1812	1808	0	0	0	0	0
NUH0075/SIN/08	7321	1974	1758	1800	1789	0	0	0	0	0
NUH0083/SIN/08	7354	1990	1768	1768	1828	0	0	0	0	0
pinf7_54A	7464	2073	1760	1813	1818	0	0	0	0	0
PLday1_CH_06	7318	2004	1732	1776	1806	0	0	0	0	0
PLday4_CH_06	7326	2007	1733	1777	1809	0	0	0	0	0
PP37_MAL_01	7411	2002	1775	1788	1846	0	0	0	0	0
Puyang_451_2012	7366	1998	1779	1753	1836	0	0	0	0	0
Puyang_461_2012	7366	1994	1779	1757	1836	0	0	0	0	0
Rostov	7335	1999	1776	1741	1819	0	0	0	0	0
S0296_TW00	7413	2021	1770	1775	1847	0	0	0	0	0
S0318_TW01	7412	2021	1765	1775	1851	0	0	0	0	0
S0584_TW04	7404	2002	1783	1777	1842	0	0	0	0	0
S10862_SAR_98	7409	2028	1768	1797	1816	0	0	0	0	0
S19841_SAR_03	7412	2011	1783	1775	1843	0	0	0	0	0
S40221_SAR_00	7409	2029	1750	1801	1829	0	0	0	0	0
SB12736_SAR_03	7412	2008	1778	1778	1848	0	0	0	0	0
SB2864_SAR_00	7411	2012	1773	1781	1845	0	0	0	0	0
SD07_1/SD/CHN/2007	7405	1999	1790	1779	1837	0	0	0	0	0
SD09_14/SD/CHN/2009	7403	2007	1794	1769	1833	0	0	0	0	0
SD09_21/SD/CHN/2009	7402	2010	1790	1766	1835	1	0	0	0	0
SDLY1	7408	1998	1804	1779	1827	0	0	0	0	0
SDLY107	7405	2013	1802	1761	1829	0	0	0	0	0
SDLY11	7405	2017	1785	1759	1844	0	0	0	0	0
SDLY153	7408	2001	1791	1773	1843	0	0	0	0	0
SDLY48	7405	2008	1780	1766	1851	0	0	0	0	0
SDLY96	7405	2016	1786	1762	1841	0	0	0	0	0
SEP4	6949	1906	1647	1651	1745	0	0	0	0	0
SH_17/SH/CHN/2002	7404	2034	1776	1752	1842	0	0	0	0	0
SH_6/SH/CHN/2002	7404	2009	1775	1767	1853	0	0	0	0	0
SH12_036	7406	2008	1785	1761	1852	0	0	0	0	0
SH12_276	7405	2008	1772	1767	1858	0	0	0	0	0
Shanghai_036_2009	7407	1997	1785	1782	1843	0	0	0	0	0
Shanghai_117_2009	7405	2009	1791	1768	1837	0	0	0	0	0
Shanghai_118_2009	7406	2015	1801	1764	1826	0	0	0	0	0
Shanghai_27_2009	7405	2008	1792	1769	1836	0	0	0	0	0
Shanghai_28_2009	7406	2013	1797	1766	1830	0	0	0	0	0
Shanghai_36_2009	7407	2018	1788	1761	1840	0	0	0	0	0
Shanghai_51_2009	7407	2004	1796	1770	1837	0	0	0	0	0
Shanghai_64_2009	7406	2008	1801	1768	1829	0	0	0	0	0
SHAPHC695F/SH/CHN/10	7405	2011	1800	1768	1826	0	0	0	0	0
SHZH03	7406	2007	1780	1768	1851	0	0	0	0	0
SHZH98	7408	2019	1778	1765	1846	0	0	0	0	0
SHZH98_pro	7404	2027	1779	1754	1844	0	0	0	0	0
SK_EV006_LPS1	7410	2019	1776	1766	1849	0	0	0	0	0
SK_EV006_org	7410	2020	1774	1766	1847	0	3	0	0	0
SK_EV006/Malaysia/97	7435	2045	1776	1766	1846	0	2	0	0	0
ST_CH_06	7254	1986	1717	1764	1785	0	2	0	0	0
subgenotype_B5	7412	1988	1765	1800	1859	0	0	0	0	0
SZ/HK08_5	7405	1993	1778	1784	1850	0	0	0	0	0
SZ/HK08_6	7405	1997	1791	1781	1836	0	0	0	0	0
Tainan/4643/98	7410	2018	1768	1811	1813	0	0	0	0	0
Tainan/5746/98	7410	2015	1756	1813	1826	0	0	0	0	0
Tainan/6092/98	7410	2017	1771	1813	1809	0	0	0	0	0
Taipei/B4_01/2011	7281	1991	1711	1735	1844	0	0	0	0	0
Taipei/C2_Y100/2011	7291	1989	1739	1779	1784	0	0	0	0	0
Taipei/C4_Y100_P4/2011	7276	1985	1762	1726	1803	0	0	0	0	0
Taipei/C4_Y100_P5/2011	7275	1983	1761	1727	1804	0	0	0	0	0
TC03F/SD/CHN/07	7406	1993	1793	1785	1835	0	0	0	0	0
THA_EV71_002	7329	2013	1732	1779	1805	0	0	0	0	0
THA_EV71_019	7326	2004	1747	1753	1822	0	0	0	0	0
THA_EV71_044	7307	2007	1765	1743	1792	0	0	0	0	0
THA_A1008	7317	1964	1747	1783	1823	0	0	0	0	0
THA_A1048	7317	1964	1747	1783	1823	0	0	0	0	0
THA_A1083	7226	1947	1726	1756	1797	0	0	0	0	0
THA_A1219	7225	1977	1720	1715	1813	0	0	0	0	0
THA_A1564	7267	1966	1727	1756	1817	0	1	0	0	0
THA_A1570	7268	1957	1728	1765	1814	0	4	0	0	0
THA_A575	7313	1997	1734	1746	1836	0	0	0	0	0
THA_A577	7318	1997	1736	1747	1837	0	1	0	0	0
THA_A578	7310	1993	1734	1747	1836	0	0	0	0	0
THA_A641	7316	1993	1732	1750	1841	0	0	0	0	0
THA_A683	7312	1993	1735	1748	1836	0	0	0	0	0
THA_A761	7247	1976	1726	1733	1812	0	0	0	0	0
THA_A847	7280	1983	1736	1740	1821	0	0	0	0	0
THA_A851	7276	1985	1730	1739	1822	0	0	0	0	0
TLLcho	7435	2013	1770	1793	1859	0	0	0	0	0
TLLm	7438	2022	1772	1787	1856	0	1	0	0	0
TLLmv	7421	2012	1767	1790	1852	0	0	0	0	0
TS	7406	2001	1786	1776	1843	0	0	0	0	0
TW/1101/08	7421	2016	1784	1778	1843	0	0	0	0	0
TW/1956/05	7413	2019	1783	1773	1838	0	0	0	0	0
TW/2086/98	7436	2034	1768	1821	1811	2	0	0	0	0
TW/2272/98	7436	2017	1749	1812	1850	8	0	0	0	0
TW/2429/04	7414	2018	1783	1774	1839	0	0	0	0	0
TW/2639/04	7414	2017	1779	1774	1844	0	0	0	0	0
TW/2728/04	7414	2019	1783	1772	1840	0	0	0	0	0
TW/2815/04	7414	2017	1781	1774	1842	0	0	0	0	0
TW/2824/04	7414	2016	1783	1775	1840	0	0	0	0	0
TW/2871/04	7413	2021	1779	1771	1842	0	0	0	0	0
TW/70516/08	7414	2016	1795	1772	1831	0	0	0	0	0
TW/70811/08	7421	2013	1776	1783	1849	0	0	0	0	0
TW/70886/08	7421	2011	1784	1788	1838	0	0	0	0	0
TW/70902/08	7421	2016	1784	1783	1838	0	0	0	0	0
TW/71428/05	7413	2017	1774	1774	1848	0	0	0	0	0
TW/71552/05	7414	2019	1782	1776	1837	0	0	0	0	0
TW/71595/04	7414	2019	1785	1773	1837	0	0	0	0	0
TW/72232/04	7415	2018	1782	1774	1841	0	0	0	0	0
TW/96002/08	7421	2021	1778	1777	1845	0	0	0	0	0
TW/96016/08	7421	2013	1783	1781	1844	0	0	0	0	0
TW/96022/08	7421	2009	1784	1787	1841	0	0	0	0	0
TZ06	7405	2012	1799	1765	1829	0	0	0	0	0
UH1/PM/1997	7411	2008	1765	1789	1849	0	0	0	0	0
V04_2218217	7405	2019	1759	1760	1867	0	0	0	0	0
V05_2243055	7405	2010	1766	1772	1856	0	1	0	0	0
V06_2218645	7406	2018	1781	1764	1843	0	0	0	0	0
V07_2231013	7405	2006	1788	1770	1841	0	0	0	0	0
V08_2221581	7405	2013	1789	1764	1839	0	0	0	0	0
V08_2236079	7409	1996	1774	1824	1815	0	0	0	0	0
V09_2225777	7404	1991	1783	1783	1847	0	0	0	0	0
V10_2234054	7404	2005	1787	1771	1841	0	0	0	0	0
VN152/2011	7416	2008	1784	1773	1849	0	2	0	0	0
VR1432	7408	2009	1760	1815	1824	0	0	0	0	0
wenzhou011	7102	1941	1708	1688	1765	0	0	0	0	0
wenzhou227	7150	1958	1725	1694	1773	0	0	0	0	0
wenzhou256	7016	1909	1686	1674	1747	0	0	0	0	0
wh029	7406	2003	1789	1771	1843	0	0	0	0	0
Wuhan1042/HuB/CHN/2011	7405	2007	1796	1768	1834	0	0	0	0	0
Wuhan1117/HuB/CHN/2011	7405	2005	1792	1770	1838	0	0	0	0	0
Wuhan1143/HuB/CHN/2011	7405	2010	1788	1766	1841	0	0	0	0	0
01	7411	2033	1784	1786	1808	0	0	0	0	0
04	7412	1981	1750	1751	1782	148	0	0	0	0
06	7411	2039	1767	1787	1818	0	0	0	0	0
07	7411	2035	1782	1785	1809	0	0	0	0	0
09	7409	2037	1770	1782	1820	0	0	0	0	0
100_p0	6579	1814	1565	1563	1637	0	0	0	0	0
100_p12	6579	1815	1564	1562	1638	0	0	0	0	0
100_p17_T1	6579	1819	1563	1561	1636	0	0	0	0	0
100_p17_T2	6579	1814	1565	1563	1637	0	0	0	0	0
100_p17_T3	6579	1812	1565	1565	1637	0	0	0	0	0
100_p31_T1	6579	1810	1566	1566	1637	0	0	0	0	0
100_p31_T2	6579	1813	1564	1564	1638	0	0	0	0	0
100_p31_T3	6579	1814	1565	1562	1638	0	0	0	0	0
100_p35_T1	6579	1813	1570	1564	1632	0	0	0	0	0
100_p35_T2	6579	1811	1566	1565	1637	0	0	0	0	0
100_p35_T3	6579	1814	1565	1562	1638	0	0	0	0	0
100_p36_T1	6579	1811	1567	1564	1637	0	0	0	0	0
100_p36_T2	6579	1813	1565	1564	1637	0	0	0	0	0
100_p36_T3	6579	1812	1565	1565	1637	0	0	0	0	0
10076	7333	1980	1741	1767	1845	0	0	0	0	0
10098	7339	2009	1751	1779	1800	0	0	0	0	0
101_p0	6579	1814	1567	1563	1635	0	0	0	0	0
101_p12	6579	1814	1567	1563	1635	0	0	0	0	0
101_p17_T1	6579	1814	1567	1563	1635	0	0	0	0	0
101_p17_T2	6579	1814	1567	1563	1635	0	0	0	0	0
101_p17_T3	6579	1813	1565	1564	1637	0	0	0	0	0
101_p31_T1	6579	1812	1564	1564	1639	0	0	0	0	0
101_p31_T2	6579	1814	1567	1563	1635	0	0	0	0	0
101_p31_T3	6579	1815	1565	1562	1637	0	0	0	0	0
101_p35_T1	6579	1812	1564	1564	1639	0	0	0	0	0
101_p35_T2	6579	1814	1565	1563	1637	0	0	0	0	0
101_p35_T3	6579	1813	1566	1564	1636	0	0	0	0	0
101_p36_T1	6579	1812	1564	1564	1639	0	0	0	0	0
101_p36_T2	6579	1813	1565	1564	1637	0	0	0	0	0
101_p36_T3	6579	1813	1566	1564	1636	0	0	0	0	0
10118	7322	1969	1767	1802	1784	0	0	0	0	0
10196	7321	1991	1738	1759	1831	0	2	0	0	0
10857	7348	1968	1751	1780	1849	0	0	0	0	0
10S3	7408	1986	1758	1833	1831	0	0	0	0	0
10S5	7408	1998	1764	1823	1823	0	0	0	0	0
10	7412	2028	1780	1787	1817	0	0	0	0	0
11316	7306	1976	1737	1763	1830	0	0	0	0	0
11590	7301	1982	1735	1756	1828	0	0	0	0	0
11977	7292	1995	1726	1745	1826	0	0	0	0	0
119798	7395	1993	1757	1817	1828	0	0	0	0	0
11N	7368	2024	1769	1774	1801	0	0	0	0	0
120/EV71/Wenzhou/CHN/2014	7405	2008	1767	1767	1863	0	0	0	0	0
124098	7395	1985	1761	1824	1825	0	0	0	0	0
124151	7395	1988	1760	1821	1826	0	0	0	0	0
127018	7395	2010	1781	1805	1799	0	0	0	0	0
128135	7395	2006	1779	1808	1802	0	0	0	0	0
12	7412	2043	1774	1778	1817	0	0	0	0	0
13	7415	1999	1760	1790	1800	66	0	0	0	0
1416	7271	2010	1711	1753	1797	0	0	0	0	0
14	7411	2047	1765	1773	1826	0	0	0	0	0
15_355	7343	2000	1744	1779	1820	0	0	0	0	0
15/EV71/Wenzhou/CHN/2014	7405	2010	1782	1765	1848	0	0	0	0	0
15	7411	2048	1767	1772	1824	0	0	0	0	0
160_50	7404	2004	1778	1771	1851	0	0	0	0	0
16173	7336	2006	1718	1760	1852	0	0	0	0	0
16F	7368	2025	1768	1772	1803	0	0	0	0	0
16L	7368	2015	1759	1768	1795	2	29	0	0	0
16	7411	2047	1765	1774	1825	0	0	0	0	0
17000	7296	2004	1716	1740	1836	0	0	0	0	0
17F	7368	2025	1769	1772	1802	0	0	0	0	0
17	7411	2033	1762	1757	1809	50	0	0	0	0
18	7411	2049	1766	1771	1825	0	0	0	0	0
2005_1480	6773	1889	1571	1631	1682	0	0	0	0	0
2015g03	7404	2014	1769	1761	1860	0	0	0	0	0
20233	7284	1982	1718	1755	1829	0	0	0	0	0
20574	7299	2005	1714	1744	1836	0	0	0	0	0
2065_Yamagata_2004	7434	2084	1734	1760	1856	0	0	0	0	0
23	7411	2044	1769	1778	1820	0	0	0	0	0
2485	7287	1974	1751	1782	1780	0	0	0	0	0
25	7410	2032	1770	1786	1822	0	0	0	0	0
26	7413	2031	1780	1791	1811	0	0	0	0	0
2716_Yamagata_03	7434	2027	1774	1785	1848	0	0	0	0	0
30_2/2015/BJ	7409	1996	1771	1825	1817	0	0	0	0	0
301	6582	1808	1562	1574	1638	0	0	0	0	0
31170098	7312	1967	1736	1762	1846	1	0	0	0	0
31170101	7241	1983	1731	1754	1773	0	0	0	0	0
31170112	7267	1992	1738	1754	1781	2	0	0	0	0
31170151	7294	1961	1735	1759	1838	1	0	0	0	0
31170202	7003	1895	1644	1691	1773	0	0	0	0	0
32_YN	7362	1993	1768	1759	1842	0	0	0	0	0
365	7289	1983	1739	1779	1788	0	0	0	0	0
3692	7304	1973	1755	1790	1786	0	0	0	0	0
37507/TH/DE_2015	7152	1967	1704	1733	1748	0	0	0	0	0
4_23/XY/CHN/2017	7406	2006	1778	1768	1854	0	0	0	0	0
4044545	7395	1999	1769	1811	1816	0	0	0	0	0
413_C1/YN/CHN/2016	7412	1996	1759	1794	1863	0	0	0	0	0
413_C2/YN/CHN/2016	7412	1995	1759	1795	1863	0	0	0	0	0
43538/MV/DE_2015	7156	1971	1704	1732	1749	0	0	0	0	0
44172/RP/DE_2015	7157	1973	1705	1732	1747	0	0	0	0	0
44930/BE/DE_2015	7157	1974	1695	1730	1758	0	0	0	0	0
44932/BE/DE_2015	7156	1977	1702	1727	1749	0	1	0	0	0
45849/BE/DE_2015	7160	1971	1700	1734	1755	0	0	0	0	0
45894/BE/DE_2015	7156	1975	1701	1727	1753	0	0	0	0	0
46411/NW/DE_2015	7149	1968	1699	1729	1753	0	0	0	0	0
480	7305	1994	1719	1781	1811	0	0	0	0	0
4N	7368	2029	1773	1770	1796	0	0	0	0	0
5N	7368	2027	1769	1772	1800	0	0	0	0	0
6_1500_4	7412	2002	1777	1788	1845	0	0	0	0	0
6_4/XY/CHN/2017	7406	2004	1772	1771	1859	0	0	0	0	0
6_684_4	7412	2013	1774	1779	1846	0	0	0	0	0
617_19	7298	2006	1746	1739	1807	0	0	0	0	0
617_20	7296	1993	1750	1744	1809	0	0	0	0	0
6N	7368	2026	1773	1772	1797	0	0	0	0	0
7D3	7402	1987	1765	1826	1824	0	0	0	0	0
839	7405	2013	1803	1762	1827	0	0	0	0	0
9443	7296	1991	1712	1751	1842	0	0	0	0	0
9612	7298	2001	1715	1776	1806	0	0	0	0	0
97/ST	7411	2026	1773	1761	1851	0	0	0	0	0
A106/YN/CHN/2016	7411	1993	1772	1797	1849	0	0	0	0	0
B5_1	7382	1994	1772	1776	1840	0	0	0	0	0
B5_10	7389	1999	1769	1772	1848	0	1	0	0	0
B5_100	7380	1981	1769	1792	1838	0	0	0	0	0
B5_101	7380	1982	1768	1791	1839	0	0	0	0	0
B5_102	7382	1987	1757	1791	1847	0	0	0	0	0
B5_103	7381	1986	1776	1785	1834	0	0	0	0	0
B5_104	7380	1986	1773	1785	1836	0	0	0	0	0
B5_105	7379	1979	1776	1790	1834	0	0	0	0	0
B5_106	7380	1981	1780	1788	1831	0	0	0	0	0
B5_107	7380	1976	1765	1794	1845	0	0	0	0	0
B5_108	7380	1969	1769	1799	1843	0	0	0	0	0
B5_109	7379	1969	1768	1799	1843	0	0	0	0	0
B5_11	7381	1998	1766	1772	1845	0	0	0	0	0
B5_110	7370	1975	1750	1789	1856	0	0	0	0	0
B5_111	7386	1986	1758	1787	1855	0	0	0	0	0
B5_112	7370	1983	1769	1781	1837	0	0	0	0	0
B5_113	7379	1995	1758	1778	1848	0	0	0	0	0
B5_114	7388	1987	1773	1787	1841	0	0	0	0	0
B5_115	7380	1980	1762	1787	1851	0	0	0	0	0
B5_116	7381	1988	1769	1783	1841	0	0	0	0	0
B5_117	7378	1986	1760	1789	1843	0	0	0	0	0
B5_118	7380	1986	1743	1785	1866	0	0	0	0	0
B5_119	7380	1992	1759	1772	1857	0	0	0	0	0
B5_12	7381	1996	1764	1774	1847	0	0	0	0	0
B5_120	7381	1992	1760	1773	1856	0	0	0	0	0
B5_121	7388	1998	1757	1775	1858	0	0	0	0	0
B5_122	7386	1995	1768	1778	1845	0	0	0	0	0
B5_123	7379	2008	1767	1769	1835	0	0	0	0	0
B5_124	7366	1974	1772	1787	1828	0	5	0	0	0
B5_125	7380	2000	1770	1774	1836	0	0	0	0	0
B5_126	7380	2003	1769	1771	1837	0	0	0	0	0
B5_127	7380	2007	1771	1767	1835	0	0	0	0	0
B5_128	7364	1999	1767	1768	1830	0	0	0	0	0
B5_129	7386	2008	1769	1771	1838	0	0	0	0	0
B5_13	7381	1995	1764	1775	1847	0	0	0	0	0
B5_130	7364	2001	1768	1765	1830	0	0	0	0	0
B5_131	7380	2010	1770	1765	1835	0	0	0	0	0
B5_132	7380	2006	1770	1769	1835	0	0	0	0	0
B5_133	7380	2002	1772	1769	1837	0	0	0	0	0
B5_134	7380	2006	1771	1765	1838	0	0	0	0	0
B5_135	7386	2011	1774	1765	1836	0	0	0	0	0
B5_136	7379	2004	1764	1768	1843	0	0	0	0	0
B5_14	7381	1996	1764	1774	1847	0	0	0	0	0
B5_15	7381	1998	1762	1771	1850	0	0	0	0	0
B5_16	7380	1994	1764	1776	1846	0	0	0	0	0
B5_17	7380	1996	1768	1774	1842	0	0	0	0	0
B5_18	7380	1992	1759	1778	1851	0	0	0	0	0
B5_19	7380	1990	1758	1779	1853	0	0	0	0	0
B5_2	7383	1999	1763	1772	1849	0	0	0	0	0
B5_20	7381	1991	1764	1780	1846	0	0	0	0	0
B5_21	7381	1992	1767	1779	1843	0	0	0	0	0
B5_22	7381	2000	1763	1770	1848	0	0	0	0	0
B5_23	7381	1997	1762	1773	1849	0	0	0	0	0
B5_24	7381	2000	1767	1772	1842	0	0	0	0	0
B5_25	7381	1997	1766	1773	1845	0	0	0	0	0
B5_26	7381	1994	1767	1776	1844	0	0	0	0	0
B5_27	7381	1994	1764	1776	1847	0	0	0	0	0
B5_28	7382	1998	1773	1774	1837	0	0	0	0	0
B5_29	7381	1995	1774	1776	1836	0	0	0	0	0
B5_3	7383	1991	1769	1783	1840	0	0	0	0	0
B5_30	7385	1996	1773	1779	1837	0	0	0	0	0
B5_31	7381	1996	1772	1775	1838	0	0	0	0	0
B5_32	7381	1997	1775	1775	1834	0	0	0	0	0
B5_33	7381	1996	1770	1775	1840	0	0	0	0	0
B5_34	7381	1995	1763	1777	1846	0	0	0	0	0
B5_35	7387	1997	1769	1779	1842	0	0	0	0	0
B5_36	7371	1989	1764	1778	1840	0	0	0	0	0
B5_37	7369	1987	1769	1780	1833	0	0	0	0	0
B5_38	7382	1989	1770	1782	1841	0	0	0	0	0
B5_39	7368	1986	1768	1778	1836	0	0	0	0	0
B5_4	7367	1980	1763	1785	1839	0	0	0	0	0
B5_40	7363	1978	1763	1784	1838	0	0	0	0	0
B5_41	7389	1986	1762	1789	1852	0	0	0	0	0
B5_42	7381	1986	1772	1786	1837	0	0	0	0	0
B5_43	7381	1987	1771	1783	1840	0	0	0	0	0
B5_44	7380	1988	1759	1779	1854	0	0	0	0	0
B5_45	7366	1986	1760	1778	1842	0	0	0	0	0
B5_46	7366	1990	1757	1775	1844	0	0	0	0	0
B5_47	7380	1990	1764	1779	1847	0	0	0	0	0
B5_48	7380	1991	1764	1777	1848	0	0	0	0	0
B5_49	7388	1989	1760	1785	1854	0	0	0	0	0
B5_5	7381	1981	1766	1787	1847	0	0	0	0	0
B5_50	7380	1993	1765	1778	1844	0	0	0	0	0
B5_51	7381	1988	1762	1784	1847	0	0	0	0	0
B5_52	7379	1985	1771	1785	1838	0	0	0	0	0
B5_53	7380	1988	1768	1783	1841	0	0	0	0	0
B5_54	7363	1976	1770	1786	1830	0	1	0	0	0
B5_55	7368	1995	1764	1770	1837	0	2	0	0	0
B5_56	7380	1990	1762	1779	1849	0	0	0	0	0
B5_57	7380	1990	1765	1780	1845	0	0	0	0	0
B5_58	7380	1988	1764	1781	1847	0	0	0	0	0
B5_59	7380	1990	1762	1780	1848	0	0	0	0	0
B5_6	7382	1977	1764	1794	1847	0	0	0	0	0
B5_60	7380	1991	1766	1777	1846	0	0	0	0	0
B5_61	7365	1982	1770	1781	1832	0	0	0	0	0
B5_62	7380	1979	1766	1790	1845	0	0	0	0	0
B5_63	7380	1984	1770	1785	1841	0	0	0	0	0
B5_64	7380	1980	1750	1792	1858	0	0	0	0	0
B5_65	7380	1978	1751	1792	1859	0	0	0	0	0
B5_66	7365	1972	1762	1790	1840	0	1	0	0	0
B5_67	7380	1990	1766	1780	1844	0	0	0	0	0
B5_68	7380	1985	1764	1784	1847	0	0	0	0	0
B5_69	7380	1989	1760	1780	1851	0	0	0	0	0
B5_7	7380	1999	1757	1773	1851	0	0	0	0	0
B5_70	7380	1987	1765	1782	1846	0	0	0	0	0
B5_71	7379	1991	1765	1778	1845	0	0	0	0	0
B5_72	7380	1988	1765	1782	1845	0	0	0	0	0
B5_73	7380	1987	1764	1781	1848	0	0	0	0	0
B5_74	7380	1986	1764	1782	1848	0	0	0	0	0
B5_75	7388	1985	1767	1791	1845	0	0	0	0	0
B5_76	7386	1991	1765	1783	1847	0	0	0	0	0
B5_77	7380	1989	1766	1780	1845	0	0	0	0	0
B5_78	7379	1981	1760	1787	1851	0	0	0	0	0
B5_79	7378	1987	1761	1781	1849	0	0	0	0	0
B5_8	7382	2000	1766	1771	1845	0	0	0	0	0
B5_80	7380	1987	1760	1781	1852	0	0	0	0	0
B5_81	7371	1976	1760	1787	1845	0	3	0	0	0
B5_82	7366	1978	1765	1783	1839	0	1	0	0	0
B5_83	7380	1985	1769	1785	1841	0	0	0	0	0
B5_84	7370	1987	1774	1780	1829	0	0	0	0	0
B5_85	7368	1982	1761	1786	1838	0	1	0	0	0
B5_86	7380	1983	1761	1790	1846	0	0	0	0	0
B5_87	7382	1987	1761	1789	1845	0	0	0	0	0
B5_88	7366	1976	1767	1787	1835	0	1	0	0	0
B5_89	7370	1976	1754	1787	1853	0	0	0	0	0
B5_9	7381	1999	1768	1771	1843	0	0	0	0	0
B5_90	7379	1971	1757	1798	1853	0	0	0	0	0
B5_91	7380	1977	1764	1790	1849	0	0	0	0	0
B5_92	7380	1978	1767	1793	1842	0	0	0	0	0
B5_93	7380	1979	1768	1792	1841	0	0	0	0	0
B5_94	7380	1976	1760	1794	1850	0	0	0	0	0
B5_95	7379	1978	1767	1792	1842	0	0	0	0	0
B5_96	7380	1978	1760	1792	1850	0	0	0	0	0
B5_97	7381	1987	1761	1787	1846	0	0	0	0	0
B5_98	7380	1988	1759	1785	1848	0	0	0	0	0
B5_99	7380	1986	1765	1786	1843	0	0	0	0	0
BJ14_1	7406	1989	1797	1785	1835	0	0	0	0	0
BJ14_2	7405	2007	1799	1767	1832	0	0	0	0	0
C068/CHW/AUS/2016	7362	1985	1745	1807	1825	0	0	0	0	0
C4_1	7389	1995	1775	1774	1845	0	0	0	0	0
C4_10	7390	2000	1778	1769	1843	0	0	0	0	0
C4_2	7389	1996	1776	1773	1844	0	0	0	0	0
C4_3	7389	1999	1777	1769	1844	0	0	0	0	0
C4_4	7380	1988	1770	1777	1845	0	0	0	0	0
C4_5	7388	1994	1773	1778	1843	0	0	0	0	0
C4_6	7390	1998	1776	1770	1846	0	0	0	0	0
C4_7	7390	2002	1773	1768	1847	0	0	0	0	0
C4_8	7390	2001	1778	1767	1844	0	0	0	0	0
C4_9	7390	1999	1776	1769	1846	0	0	0	0	0
C4_ND_114_Vietnam_CaMau_2012_04_15	6582	1806	1563	1573	1637	0	3	0	0	0
C4_ND_137_Vietnam_VungTau_2012_05_20	6582	1801	1561	1577	1633	0	10	0	0	0
C4_ND_150_Vietnam_DongThap_2012_07_05	6582	1807	1552	1573	1641	0	9	0	0	0
C4_ND_152_Vietnam_VinhLong_2012_07_16	6582	1802	1551	1579	1637	0	13	0	0	0
C4_ND_153_Vietnam_HoChiMinh_2012_07_23	6582	1799	1555	1576	1638	0	14	0	0	0
C4_ND_158_Vietnam_BenTre_2012_08_04	6582	1798	1562	1570	1623	16	13	0	0	0
C4_ND_171_Vietnam_BinhDuong_2012_02_18	6582	1802	1566	1580	1629	0	5	0	0	0
C4_ND_198_Vietnam_HoChiMinh_2012_03_21	6582	1804	1567	1574	1627	0	10	0	0	0
C4_ND_200_Vietnam_HoChiMinh_2012_03_28	6582	1801	1564	1577	1629	0	11	0	0	0
C7/Osaka/Japan/97	7448	2051	1775	1780	1842	0	0	0	0	0
CAE_CEN_BIY_146_08	7413	2041	1736	1770	1866	0	0	0	0	0
CAE_LIT_CIP_041_08	7409	2035	1749	1801	1824	0	0	0	0	0
CAF_RS2_NMA_008_03	7413	2023	1795	1788	1807	0	0	0	0	0
CCA	7406	2008	1792	1772	1834	0	0	0	0	0
CF097017	7409	2042	1758	1791	1818	0	0	0	0	0
CF210042	7409	2017	1759	1805	1828	0	0	0	0	0
CMC718	7415	2015	1772	1779	1849	0	0	0	0	0
CMU4232/BJ/CHN/2008	7405	2002	1779	1777	1847	0	0	0	0	0
CQ2014_86	7412	1996	1769	1794	1853	0	0	0	0	0
CSF15/YN/CHN/2013	7404	2010	1797	1768	1829	0	0	0	0	0
DK07_01	6554	1492	1279	1223	1269	1291	0	0	0	0
DK07_02	7062	1639	1442	1436	1377	1168	0	0	0	0
DK07_03	7151	1875	1617	1585	1519	555	0	0	0	0
DK07_04	7140	1909	1657	1660	1642	272	0	0	0	0
DK14_03	7142	1958	1696	1729	1735	24	0	0	0	0
DK16_02	7152	1970	1700	1731	1751	0	0	0	0	0
DK16_03	7077	1787	1538	1567	1523	662	0	0	0	0
DK16_04	7152	1972	1687	1730	1763	0	0	0	0	0
DK16_05	7152	1973	1686	1730	1763	0	0	0	0	0
DK16_06	7140	1973	1654	1699	1738	76	0	0	0	0
DK16_08	7107	1682	1419	1380	1348	1278	0	0	0	0
E1/ZS/CHZ/2009	7405	2011	1794	1765	1835	0	0	0	0	0
eTLLbeta_P20	7446	2062	1770	1759	1855	0	0	0	0	0
EV_A71_C4_MAD_2017_7366	7346	2030	1730	1761	1825	0	0	0	0	0
EV_A71/2019/FR/0622	7374	2002	1758	1796	1818	0	0	0	0	0
EV_A71/PMKA1300/THA/2011	7366	1997	1771	1768	1830	0	0	0	0	0
EV71_MZ	7452	2048	1788	1771	1845	0	0	0	0	0
EV71_NJ2017iso1	7365	1999	1767	1749	1850	0	0	0	0	0
EV71_NJ2017iso2	7358	1994	1753	1762	1849	0	0	0	0	0
EV71/CZTN01/CHN/2017	7281	1965	1755	1736	1825	0	0	0	0	0
EV71/Jiangsu.P.R.C/07.08/10	7312	1982	1767	1747	1816	0	0	0	0	0
EV71/SHENZHEN001/2006	7407	1999	1786	1776	1843	0	3	0	0	0
EV71/SZ04/CHN/2014	7405	2007	1790	1768	1840	0	0	0	0	0
EV71/SZ07/CHN/2014	7405	2016	1789	1755	1845	0	0	0	0	0
EV71/SZ08/CHN/2013	7405	2006	1790	1768	1839	2	0	0	0	0
EV71/SZ12/CHN/2014	7405	2019	1775	1758	1853	0	0	0	0	0
EV71/SZ17/CHN/2013	7406	2009	1794	1767	1836	0	0	0	0	0
EV71/SZ25/CHN/2014	7405	2016	1791	1758	1839	0	1	0	0	0
EV71/SZ42/CHN/2014	7405	2009	1788	1767	1841	0	0	0	0	0
EV71/SZ50/CHN/2014	7405	2005	1785	1768	1847	0	0	0	0	0
EV71/SZ88/CHN/2014	7405	2003	1784	1771	1847	0	0	0	0	0
EVA71/Homosapiens/VNM/12.1/2013	6740	1438	1283	1280	1315	1424	0	0	0	0
EVA71/Homosapiens/VNM/12.2/2013	6936	1877	1657	1662	1720	20	0	0	0	0
EVA71/Homosapiens/VNM/13.1/2012	7176	1947	1715	1716	1789	8	1	0	0	0
EVA71/Homosapiens/VNM/13.2/2012	7165	1944	1706	1720	1795	0	0	0	0	0
EVA71/Homosapiens/VNM/14.1/2012	6651	1048	968	935	947	2751	2	0	0	0
EVA71/Homosapiens/VNM/14.2/2012	7201	1936	1697	1712	1773	82	1	0	0	0
EVA71/Homosapiens/VNM/15.1/2014	7089	1928	1674	1711	1776	0	0	0	0	0
EVA71/Homosapiens/VNM/15.2/2014	7406	2003	1768	1781	1854	0	0	0	0	0
F1	7412	2004	1782	1781	1845	0	0	0	0	0
F17	7412	2009	1781	1777	1845	0	0	0	0	0
F22	7412	2006	1783	1777	1846	0	0	0	0	0
F23	7412	2005	1778	1780	1849	0	0	0	0	0
F6	7412	2003	1782	1781	1846	0	0	0	0	0
F7	7412	2007	1779	1779	1847	0	0	0	0	0
F9	7412	2002	1782	1783	1845	0	0	0	0	0
G08	7445	2039	1773	1775	1858	0	0	0	0	0
G63/YN/CHN/2016	7412	1988	1757	1804	1863	0	0	0	0	0
GIN_13_365	7419	2035	1774	1788	1822	0	0	0	0	0
GRE29	7409	2020	1762	1800	1826	0	1	0	0	0
GZ203KL21/GD/CHN/2010	7404	2024	1812	1759	1809	0	0	0	0	0
Hau1	7464	2065	1762	1816	1821	0	0	0	0	0
HFM005	7292	1984	1738	1748	1822	0	0	0	0	0
HFM008	7292	1983	1740	1748	1821	0	0	0	0	0
HFM040	7404	2010	1774	1771	1849	0	0	0	0	0
HFM057	7407	2001	1780	1776	1850	0	0	0	0	0
HFM072	7420	2019	1778	1776	1845	0	2	0	0	0
HFM088	7381	2006	1782	1757	1836	0	0	0	0	0
HP	7405	2005	1796	1770	1834	0	0	0	0	0
Huainan201401	7376	2009	1780	1747	1840	0	0	0	0	0
Huainan201402	7412	2000	1781	1781	1850	0	0	0	0	0
Huainan201403	7356	2006	1777	1739	1834	0	0	0	0	0
Huainan201404	7444	2010	1789	1786	1859	0	0	0	0	0
Huainan201405	7325	1979	1780	1755	1811	0	0	0	0	0
J098_EV_A71_WS_YN_2014	7290	1948	1746	1778	1818	0	0	0	0	0
Jena_15_984	7242	2001	1719	1747	1775	0	0	0	0	0
Jinan/SD/CHN/2015	7406	2018	1783	1761	1844	0	0	0	0	0
K14/YN/CHN/2013	7406	2015	1788	1758	1845	0	0	0	0	0
K17245	7405	2011	1772	1763	1859	0	0	0	0	0
K34/YN/CHN/2013	7407	1998	1789	1770	1850	0	0	0	0	0
K36/YN/CHN/2013	7406	2001	1787	1769	1849	0	0	0	0	0
K38/YN/CHN/2013	7405	2011	1785	1761	1848	0	0	0	0	0
K509/YN/CHN/2010	7406	2004	1803	1766	1833	0	0	0	0	0
KW24/YN/CHN/2012	7401	2010	1778	1767	1846	0	0	0	0	0
MAD_3126_11	7413	2043	1749	1772	1849	0	0	0	0	0
MAD_72341_04	7413	2041	1736	1770	1866	0	0	0	0	0
MAD_7842_10	7412	2040	1762	1772	1838	0	0	0	0	0
MRT_14_250	7407	2022	1770	1791	1824	0	0	0	0	0
N0722_Sendai_2007	7433	2070	1724	1774	1865	0	0	0	0	0
N1745_TW08/VP1_D164E	7462	2056	1783	1779	1844	0	0	0	0	0
N1745_TW08/VP1_E145Q	7462	2056	1785	1777	1844	0	0	0	0	0
N1745_TW08/VP1_K98E	7462	2055	1784	1779	1844	0	0	0	0	0
N1745_TW08/VP1_K98E+E145Q	7462	2055	1785	1778	1844	0	0	0	0	0
N7008_TW99_9	7460	2048	1785	1786	1840	0	1	0	0	0
N7008_TW99/VP1_E164D	7460	2048	1786	1785	1840	0	1	0	0	0
N7008_TW99/VP1_E98K	7460	2049	1785	1785	1840	0	1	0	0	0
N7008_TW99/VP1_E98K+Q145E	7460	2049	1784	1786	1840	0	1	0	0	0
N7008_TW99/VP1_Q145E	7460	2048	1784	1787	1840	0	1	0	0	0
N772_Sendai_2006	7433	2031	1779	1767	1856	0	0	0	0	0
NER_13_194	7412	2029	1771	1771	1841	0	0	0	0	0
No.1	7412	2009	1789	1776	1838	0	0	0	0	0
No.2	7412	2011	1769	1774	1858	0	0	0	0	0
No.22	7412	2014	1776	1772	1850	0	0	0	0	0
No.23	7412	2008	1787	1776	1841	0	0	0	0	0
No.36	7412	2006	1786	1779	1841	0	0	0	0	0
No.40	7412	2002	1780	1783	1847	0	0	0	0	0
No.8	7412	2008	1790	1778	1836	0	0	0	0	0
No.9	7412	2004	1786	1783	1839	0	0	0	0	0
R1/YN/CHN/2011	7403	2003	1799	1768	1833	0	0	0	0	0
R118/YN/CHN/2016	7412	1990	1764	1802	1856	0	0	0	0	0
R134/YN/CHN/2009	7405	2021	1785	1751	1848	0	0	0	0	0
R14/YN/CHN/2011	7406	2016	1795	1758	1837	0	0	0	0	0
R165/YN/CHN/2009	7404	2017	1790	1766	1831	0	0	0	0	0
R17/YN/CHN/2011	7405	2008	1786	1761	1850	0	0	0	0	0
R176/YN/CHN/2009	7405	2001	1772	1781	1851	0	0	0	0	0
R186/YN/CHN/2009	7405	2003	1752	1776	1874	0	0	0	0	0
R22/YN/CHN/2011	7406	2015	1784	1764	1843	0	0	0	0	0
R262/YN/CHN/2010	7404	2012	1793	1762	1837	0	0	0	0	0
R464/YN/CHN/2010	7395	2013	1797	1758	1827	0	0	0	0	0
R50/YN.CHN/2013	7403	2023	1776	1752	1852	0	0	0	0	0
R59/YN/CHN/2016	7412	1994	1764	1799	1855	0	0	0	0	0
R6/YN/CHN/2011	7399	2008	1774	1769	1848	0	0	0	0	0
R615/YN/CHN/2010	7402	2013	1784	1764	1841	0	0	0	0	0
R642/YN/CHN/2010	7410	2013	1800	1764	1833	0	0	0	0	0
R66/YN/CHN/2016	7412	1990	1766	1802	1854	0	0	0	0	0
R6_TUN	7409	2014	1768	1806	1817	0	4	0	0	0
R993/YN/CHN/2010	7402	2015	1799	1758	1830	0	0	0	0	0
RA330/YN/CHN/2009	7401	2011	1777	1763	1850	0	0	0	0	0
RW14/YN/CHN/2012	7394	2012	1796	1754	1832	0	0	0	0	0
RW15/YN/CHN/2012	7405	2007	1790	1766	1842	0	0	0	0	0
RW40/YN/CHN/2012	7401	2010	1763	1763	1865	0	0	0	0	0
RW46/YN/CHN/2012	7396	2010	1785	1758	1843	0	0	0	0	0
S0254a	7405	2003	1792	1767	1843	0	0	0	0	0
SB6_1004_3	7412	2000	1770	1788	1854	0	0	0	0	0
SB6_1048_2	7412	2007	1776	1785	1844	0	0	0	0	0
SB6_297_2	7412	2010	1774	1781	1847	0	0	0	0	0
SB6_760_3	7395	2006	1771	1777	1841	0	0	0	0	0
SD004R/Shandong/China/2015	7406	2018	1783	1761	1844	0	0	0	0	0
SEN_14_157	7405	2019	1784	1792	1810	0	0	0	0	0
SEP001	7292	1984	1740	1748	1820	0	0	0	0	0
SEP006	7406	2004	1786	1777	1839	0	0	0	0	0
SEP014_EV_A71	7406	2010	1781	1772	1843	0	0	0	0	0
SEP024	7406	2005	1775	1776	1850	0	0	0	0	0
SEP042	6931	1897	1641	1653	1740	0	0	0	0	0
SHAPHC5218/SH/CHN/14	7406	2011	1792	1766	1837	0	0	0	0	0
SHAPHC5251/SH/CHN/14	7406	2010	1797	1761	1838	0	0	0	0	0
SHAPHC5267/SH/CHN/14	7405	2018	1763	1764	1860	0	0	0	0	0
SHAPHC5271/SH/CHN/14	7404	1996	1782	1773	1853	0	0	0	0	0
SHAPHC5287/SH/CHN/14	7406	2005	1790	1768	1843	0	0	0	0	0
SHAPHC5307/SH/CHN/14	7405	2003	1790	1771	1841	0	0	0	0	0
SHAPHC5330/SH/CHN/14	7405	2011	1802	1756	1836	0	0	0	0	0
SHAPHC5365/SH/CHN/14	7402	2005	1785	1770	1842	0	0	0	0	0
SHAPHC5427/SH/CHN/14	7404	2010	1762	1770	1862	0	0	0	0	0
SHAPHC5432/SH/CHN/14	7405	2008	1782	1768	1847	0	0	0	0	0
SHAPHC5468/SH/CHN/14	7405	2002	1773	1776	1854	0	0	0	0	0
SHAPHC5510/SH/CHN/14	7405	2009	1782	1767	1847	0	0	0	0	0
SHAPHC5589/SH/CHN/14	7405	2002	1768	1775	1860	0	0	0	0	0
SI/Isehara/Japan/99	7429	2040	1749	1807	1833	0	0	0	0	0
SI01/TH_NMA_/06	7350	2035	1767	1746	1802	0	0	0	0	0
SiICRC_13/TH/2011	7431	2027	1772	1783	1849	0	0	0	0	0
SiICRC01/TH/2012	7416	1997	1772	1799	1848	0	0	0	0	0
SiICRC01/TH/2013	7417	1995	1785	1801	1836	0	0	0	0	0
SiICRC01/TH/2014	7395	2014	1776	1755	1850	0	0	0	0	0
SiICRC02/TH/2012	7418	1996	1772	1801	1849	0	0	0	0	0
SiICRC02/TH/2013	7409	1997	1776	1829	1807	0	0	0	0	0
SiICRC03/TH/2012	7418	1999	1776	1799	1844	0	0	0	0	0
SiICRC04/TH/2012	7422	2033	1771	1766	1852	0	0	0	0	0
SiICRC04/TH/2013	7378	1984	1755	1793	1846	0	0	0	0	0
SiICRC05/TH/2012	7417	2034	1766	1762	1855	0	0	0	0	0
SiICRC05/TH/2013	7417	1991	1772	1806	1848	0	0	0	0	0
SiICRC05/TH/2014	7418	1988	1776	1805	1849	0	0	0	0	0
SiICRC06/TH/2012	7419	2030	1766	1768	1855	0	0	0	0	0
SiICRC06/TH/2014	7398	1974	1779	1806	1839	0	0	0	0	0
SiICRC07/TH/2014	7421	1987	1776	1812	1846	0	0	0	0	0
SiICRC08/TH/2011	7418	2019	1777	1777	1845	0	0	0	0	0
SiICRC08/TH/2014	7344	1992	1759	1760	1833	0	0	0	0	0
SiICRC09/TH/2012	7414	1993	1763	1803	1855	0	0	0	0	0
SiICRC10/TH/2011	7427	2024	1781	1781	1841	0	0	0	0	0
SiICRC10/TH/2012	7420	1997	1765	1801	1857	0	0	0	0	0
SiICRC11/TH/2012	7417	2014	1779	1792	1832	0	0	0	0	0
SiICRC15/TH/2011	7430	2028	1773	1781	1848	0	0	0	0	0
SiICRC16/TH/2011	7419	2024	1775	1774	1846	0	0	0	0	0
SilCRC03/TH/2013	7410	2000	1772	1795	1843	0	0	0	0	0
Siriraj01/TH/08	7316	2026	1759	1741	1790	0	0	0	0	0
STU546711	7409	2043	1760	1788	1818	0	0	0	0	0
STU562356	7410	2033	1754	1802	1817	0	4	0	0	0
Sydney03	6582	1815	1584	1561	1622	0	0	0	0	0
Sydney05	6582	1816	1580	1560	1626	0	0	0	0	0
Sydney09	6582	1816	1580	1560	1626	0	0	0	0	0
Sydney11	6582	1811	1580	1566	1625	0	0	0	0	0
Sydney14	6582	1817	1572	1558	1635	0	0	0	0	0
Sydney18	6582	1819	1579	1555	1629	0	0	0	0	0
Sydney20	6582	1819	1579	1555	1629	0	0	0	0	0
Sydney30	6582	1817	1574	1558	1633	0	0	0	0	0
Sydney56	6582	1822	1573	1554	1633	0	0	0	0	0
Sydney57	6582	1818	1571	1561	1632	0	0	0	0	0
Sydney60	6582	1820	1580	1555	1625	0	2	0	0	0
Taiwan/1998_20998	7267	1985	1735	1774	1773	0	0	0	0	0
TLLalpha	7412	2006	1775	1787	1842	0	2	0	0	0
TLLalpha_P20	7428	2022	1775	1787	1844	0	0	0	0	0
TLLbeta	7436	2052	1771	1758	1854	0	1	0	0	0
TLLbeta_P20	7443	2061	1771	1757	1854	0	0	0	0	0
TLLeC5	7437	2029	1783	1792	1833	0	0	0	0	0
TLLeCA16	7439	2067	1774	1762	1836	0	0	0	0	0
TW_00073_2012	7394	2004	1776	1767	1847	0	0	0	0	0
TW_00184_2012	7388	2004	1780	1762	1842	0	0	0	0	0
TW_00583_2012	7394	2000	1770	1779	1845	0	0	0	0	0
TW_00921_2015	7394	1978	1760	1800	1856	0	0	0	0	0
TW_00998_2005	7387	2002	1785	1769	1831	0	0	0	0	0
TW_01100_2010	7387	2008	1782	1760	1837	0	0	0	0	0
TW_01112_2012	7394	2006	1773	1775	1840	0	0	0	0	0
TW_01361_2005	7386	1998	1776	1771	1841	0	0	0	0	0
TW_01387_2010	7387	2008	1784	1761	1834	0	0	0	0	0
TW_01414_2012	7392	2000	1771	1781	1840	0	0	0	0	0
TW_01485_2012	7385	2004	1766	1772	1843	0	0	0	0	0
TW_01641_2005	7388	1994	1781	1778	1835	0	0	0	0	0
TW_01709_2010	7387	2009	1783	1759	1836	0	0	0	0	0
TW_01744_2012	7389	2008	1768	1773	1840	0	0	0	0	0
TW_01788_2012	7386	2006	1767	1768	1845	0	0	0	0	0
TW_01807_2012	7379	2007	1763	1765	1844	0	0	0	0	0
TW_01889_2012	7394	2001	1762	1782	1849	0	0	0	0	0
TW_01904_2012	7390	2008	1771	1775	1836	0	0	0	0	0
TW_01952_2005	7386	2006	1778	1767	1835	0	0	0	0	0
TW_01963_2012	7388	2002	1766	1778	1842	0	0	0	0	0
TW_02131_2012	7391	2003	1765	1777	1846	0	0	0	0	0
TW_02182_2010	7387	2010	1783	1756	1838	0	0	0	0	0
TW_02314_2012	7376	1994	1763	1775	1844	0	0	0	0	0
TW_02369_2012	7384	2002	1762	1773	1847	0	0	0	0	0
TW_02389_2008	7394	1999	1787	1774	1834	0	0	0	0	0
TW_02392_2016	7394	1989	1784	1772	1849	0	0	0	0	0
TW_02572_2012	7394	2004	1775	1777	1838	0	0	0	0	0
TW_02659_2011	7406	2011	1788	1766	1841	0	0	0	0	0
TW_02664_2012	7390	2004	1767	1780	1839	0	0	0	0	0
TW_02722_2008	7394	2003	1780	1774	1837	0	0	0	0	0
TW_02876_2005	7387	2001	1782	1770	1834	0	0	0	0	0
TW_03112_2012	7392	2001	1763	1782	1846	0	0	0	0	0
TW_03530_2011	7394	2003	1769	1777	1845	0	0	0	0	0
TW_50144_2013	7394	2007	1766	1779	1842	0	0	0	0	0
TW_50193_2012	7394	2009	1767	1774	1844	0	0	0	0	0
TW_50234_2012	7393	2003	1771	1778	1841	0	0	0	0	0
TW_50490_2012	7388	2007	1767	1774	1840	0	0	0	0	0
TW_50558_2012	7385	2006	1766	1769	1844	0	0	0	0	0
TW_50601_2012	7388	2005	1773	1775	1835	0	0	0	0	0
TW_50681_2012	7377	1996	1763	1775	1843	0	0	0	0	0
TW_50837_2016	7394	2000	1788	1763	1843	0	0	0	0	0
TW_50878_2012	7392	2009	1773	1773	1837	0	0	0	0	0
TW_50995_2012	7394	1999	1762	1783	1850	0	0	0	0	0
TW_50996_2015	7394	1996	1789	1766	1843	0	0	0	0	0
TW_51010_2012	7394	2014	1773	1767	1840	0	0	0	0	0
TW_51031_2015	7394	1987	1764	1794	1849	0	0	0	0	0
TW_51045_2012	7394	2011	1773	1770	1840	0	0	0	0	0
TW_51126_2012	7394	2003	1768	1779	1844	0	0	0	0	0
TW_51135_2012	7394	2003	1764	1779	1848	0	0	0	0	0
TW_70205_2005	7387	1996	1775	1777	1839	0	0	0	0	0
TW_70389_2008	7394	1997	1779	1776	1842	0	0	0	0	0
TW_70521_2005	7387	2006	1778	1764	1839	0	0	0	0	0
TW_70751_2005	7388	2002	1786	1770	1830	0	0	0	0	0
TW_70954_2008	7394	1997	1772	1780	1845	0	0	0	0	0
TW_71215_2011	7388	2006	1776	1761	1845	0	0	0	0	0
TW_71379_2008	7394	1992	1779	1787	1836	0	0	0	0	0
TW_71650_2011	7394	2010	1769	1773	1842	0	0	0	0	0
TW_71680_2008	7394	2002	1772	1774	1846	0	0	0	0	0
TW_72031_2008	7394	1996	1788	1780	1830	0	0	0	0	0
TW_72043_2007	7391	2017	1730	1805	1839	0	0	0	0	0
TW_72219_2008	7394	1995	1784	1784	1831	0	0	0	0	0
TW_72523_2008	7394	1999	1777	1776	1842	0	0	0	0	0
TW_96050_2010	7376	2004	1787	1753	1832	0	0	0	0	0
TW_96102_2005	7387	2004	1779	1772	1832	0	0	0	0	0
USA/2016/19519	7141	1927	1698	1766	1750	0	0	0	0	0
USA/2016/19522	7211	1984	1703	1750	1774	0	0	0	0	0
USA/2018_23092	7389	2012	1766	1799	1812	0	0	0	0	0
USA/2018_23124	7335	2012	1747	1772	1804	0	0	0	0	0
USA/2018_23296	7410	2032	1775	1788	1815	0	0	0	0	0
USA/2018_23297	7408	2035	1766	1785	1822	0	0	0	0	0
USA/2018_23298	7408	2034	1774	1786	1814	0	0	0	0	0
USA/AK/2016_19516	7385	1979	1742	1825	1839	0	0	0	0	0
USA/CO/2018_23026	6798	1895	1603	1624	1676	0	0	0	0	0
Xiangyang_Hubei_09	6579	1825	1567	1554	1633	0	0	0	0	0
Y90_3896	7434	2032	1748	1821	1833	0	0	0	0	0
